approach_displacement	approach_deflection	retract_displacement	retract_deflection
0	12.612850000000002	0.1272526	16.08316
0.0811298	12.64329	0.2083824	16.08316
0.1622596	12.58241	0.2895122	16.04257
0.2433894	12.420050000000002	0.3706419	16.022280000000002
0.3245192	12.40991	0.4517717	15.97154
0.405649	12.38961	0.5329015	15.95125
0.4867788	12.227260000000001	0.6140313	15.84978
0.5679086	12.12579	0.6951611	15.7686
0.6490384	12.14608	0.7762909	15.79904
0.7301682	12.15623	0.8574207	15.71786
0.811298	12.054760000000002	0.9385505	15.5961
0.8924277	12.00402	1.01968	15.5758
0.9735575	11.993879999999999	1.10081	15.54536
1.054687	11.902550000000002	1.18194	15.47433
1.135817	11.86196	1.26307	15.413450000000001
1.216947	11.69961	1.344199	15.36271
1.298077	11.65902	1.425329	15.31198
1.379207	11.648869999999999	1.506459	15.271389999999998
1.460336	11.58799	1.587589	15.21051
1.541466	11.50682	1.668719	15.20036
1.622596	11.49667	1.749848	15.13948
1.703726	11.395199999999999	1.830978	15.098889999999999
1.784855	11.40534	1.912108	15.06845
1.865985	11.33431	1.993238	14.966980000000001
1.947115	11.2024	2.074368	14.91624
2.028245	11.25314	2.155497	14.80462
2.109375	11.242989999999999	2.236627	14.80462
2.190505	11.15167	2.317757	14.72345
2.271634	11.171959999999999	2.398887	14.70315
2.352764	11.00961	2.480016	14.61183
2.433894	11.00961	2.561146	14.55095
2.515024	10.92843	2.642276	14.55095
2.596153	10.87769	2.723406	14.490060000000001
2.677283	10.87769	2.804536	14.46977
2.758413	10.837110000000001	2.885665	14.378440000000001
2.839543	10.77622	2.966795	14.31756
2.920673	10.74578	3.047925	14.276969999999999
3.001802	10.67475	3.129055	14.14506
3.082932	10.63416	3.210185	14.07403
3.164062	10.55299	3.291314	14.07403
3.245192	10.4921	3.372444	14.013150000000001
3.326322	10.431220000000001	3.453574	13.96241
3.407451	10.350050000000001	3.534704	13.871089999999999
3.488581	10.18769	3.615834	13.84065
3.569711	10.1471	3.6969630000000002	13.830499999999999
3.650841	10.13696	3.778093	13.72903
3.731971	10.12681	3.859223	13.658
3.8131	10.07607	3.940353	13.62756
3.89423	9.984749	4.021482	13.55653
3.97536	9.883278	4.102612	13.52609
4.05649	9.944161000000001	4.183743	13.55653
4.13762	9.893425	4.264873	13.495650000000001
4.21875	9.812249000000001	4.346003	13.384030000000001
4.29988	9.751366	4.427133	13.32315
4.38101	9.690483	4.508263	13.27241
4.46214	9.639747999999999	4.589393	13.25212
4.54327	9.629601000000001	4.670523	13.13035
4.6244	9.548424	4.751653	13.13035
4.70553	9.467247	4.832783	13.07962
4.78666	9.487542	4.913913	12.99844
4.86779	9.446953	4.995043	12.968
4.94892	9.396218	5.076173	12.89697
5.03005	9.365776	5.157303	12.836089999999999
5.11118	9.345481999999999	5.238433	12.76506
5.19231	9.203422	5.319563	12.744760000000001
5.27344	9.162834	5.400693	12.64329
5.35457	9.081657	5.481823	12.6027
5.4357	9.020775	5.562953	12.572260000000002
5.51683	8.970039	5.644083	12.511379999999999
5.59796	8.939598	5.725213	12.38961
5.67909	8.878715	5.806343	12.37947
5.760221	8.899009	5.887473	12.349020000000001
5.841351	8.807686	5.968603	12.277989999999999
5.922481	8.635185	6.049733	12.206969999999998
6.003611	8.655479	6.130863	12.19682
6.084741	8.706215	6.211993	12.10549
6.165871	8.584449	6.293123	12.054760000000002
6.247001	8.554008	6.374253	12.06491
6.328131	8.493125	6.455383	11.983730000000001
6.409261	8.44239	6.536513	11.93299
6.490391	8.401801	6.617643	11.9127
6.571521	8.280036	6.698773	11.85182
6.652651	8.30033	6.779903	11.750350000000001
6.733781	8.198859	6.861033	11.69961
6.814911	8.137977	6.942163	11.689459999999999
6.896041	8.178564999999999	7.023293	11.62858
6.977171	8.107535	7.104424	11.577840000000002
7.058301	8.046653	7.185554	11.50682
7.139431	8.026359	7.266684	11.425640000000001
7.220561	7.965476	7.347814	11.3749
7.301691	7.81327	7.428944	11.36476
7.382821	7.7523860000000004	7.510074	11.29373
7.463951	7.742239	7.591204	11.19225
7.545081	7.691504	7.672334	11.19225
7.626211	7.650916	7.753464	11.18211
7.707341	7.569738999999999	7.834594	11.11108
7.788471	7.5190030000000005	7.915724	11.0299
7.869601	7.417532	7.996854	10.96902
7.950731	7.376944	8.077984	10.92843
8.031861	7.397238	8.159114	10.91828
8.112991	7.427679	8.240244	10.88784
8.194121	7.326208	8.321374	10.82696
8.275251	7.275473	8.402504	10.78637
8.356381	7.255179000000001	8.483634	10.64431
8.437511	7.102971999999999	8.564764	10.603720000000001
8.518641	7.102971999999999	8.645894	10.542840000000002
8.599771	7.052237	8.727024	10.481959999999999
8.680902	7.001500999999999	8.808154	10.46166
8.762032	6.8594420000000005	8.889284	10.42108
8.843162	6.818853000000001	8.970414	10.329749999999999
8.924292	6.798559	9.051544	10.23843
9.005422	6.768117999999999	9.132674	10.22828
9.086552	6.656499999999999	9.213804	10.23843
9.167682	6.656499999999999	9.294934	10.15725
9.248812	6.646353	9.376064	10.1674
9.329942	6.534733999999999	9.457194	10.06593
9.411072	6.555028999999999	9.538324	10.03549
9.492202	6.463705	9.619454	9.954308
9.573332	6.433264	9.700584	9.873130999999999
9.654462	6.443411	9.781714	9.852837
9.735592	6.311498	9.862844	9.791953999999999
9.816722	6.2912040000000005	9.943974	9.751366
9.897852	6.2709090000000005	10.0251	9.70063
9.978982	6.159291	10.10623	9.660041999999999
10.06011	6.05782	10.18736	9.558570999999999
10.14124	6.118703	10.26849	9.538277
10.22237	6.017232	10.34962	9.528129999999999
10.3035	5.925908	10.43075	9.426658999999999
10.38463	5.895467	10.51188	9.396218
10.46576	5.925908	10.59301	9.345481999999999
10.54689	5.844731	10.67414	9.3048940000000009
10.62802	5.81429	10.75527	9.254158
10.70915	5.804143	10.8364	9.132393
10.79028	5.753407999999999	10.91753	9.101951
10.87141	5.6113480000000004	10.99866	9.07151
10.95254	5.631642	11.07979	9.051216
11.03367	5.6113480000000004	11.16092	8.959892
11.1148	5.540318	11.24205	8.888862
11.19593	5.469288000000001	11.32318	8.899009
11.27706	5.469288000000001	11.40431	8.838127
11.35819	5.448994	11.48545	8.787391
11.43932	5.235905	11.56658	8.68592
11.52045	5.215611	11.64771	8.574302
11.60158	5.215611	11.72884	8.554008
11.68271	5.11414	11.80997	8.564155
11.76384	5.11414	11.8911	8.513419
11.84497	5.093846	11.97223	8.432242
11.9261	5.103993	12.05336	8.411948
12.00723	4.951786	12.13449	8.361213
12.08836	4.961933	12.21562	8.290182999999999
12.16949	4.931492	12.29675	8.188712
12.25062	4.850315	12.37788	8.12783
12.33175	4.779286	12.45901	8.066947
12.41288	4.718403	12.54014	8.066947
12.49401	4.627079	12.62127	8.026359
12.57514	4.718403	12.7024	7.98577
12.65627	4.556049	12.78353	7.843711
12.7374	4.424137	12.86466	7.8741520000000005
12.81853	4.3835489999999995	12.94579	7.803123
12.89966	4.434284	13.02692	7.661063
12.98079	4.444431	13.10805	7.661063
13.06192	4.312519	13.18918	7.650916
13.14305	4.200901	13.27031	7.569738999999999
13.22418	4.271931	13.35144	7.539297
13.30531	4.200901	13.43257	7.478415
13.38644	4.129871	13.5137	7.4073850000000006
13.46757	4.119724	13.59483	7.295767
13.5487	4.150165	13.67596	7.275473
13.62983	4.008106000000001	13.75709	7.265326
13.71096	3.8761930000000002	13.83822	7.214589999999999
13.79209	3.855899	13.91935	7.174002000000001
13.87322	3.815311	14.00048	7.143561
13.95435	3.815311	14.08161	7.042089
14.03548	3.7138400000000003	14.16274	6.97106
14.11661	3.703693	14.24387	6.9507650000000005
14.19774	3.673251	14.325	6.930471
14.27887	3.6123689999999997	14.40613	6.910177
14.36	3.581927	14.48726	6.8492939999999995
14.44113	3.510898	14.56839	6.788411999999999
14.52226	3.4906029999999997	14.64952	6.7478229999999995
14.60339	3.4804559999999998	14.73065	6.686941000000001
14.68452	3.378985	14.81178	6.636205
14.76565	3.226779	14.89291	6.6260580000000004
14.84678	3.2369260000000004	14.97404	6.5042930000000005
14.92791	3.247073	15.05517	6.453558
15.00904	3.2064850000000003	15.1363	6.423116
15.09017	3.1456020000000002	15.21743	6.362234
15.1713	3.105013	15.29856	6.372381000000001
15.25243	3.135455	15.37969	6.321645999999999
15.33356	2.932513	15.46082	6.2709090000000005
15.41469	3.003542	15.54195	6.118703
15.49582	2.87163	15.62308	6.159291
15.57695	2.831042	15.70421	6.088261999999999
15.65808	2.749865	15.78534	5.996938
15.73921	2.709276	15.86647	5.976644
15.82034	2.6382470000000002	15.9476	5.88532
15.90147	2.6078050000000004	16.02873	5.88532
15.9826	2.536776	16.10986	5.793996
16.06373	2.567217	16.19098	5.773701999999999
16.14486	2.425158	16.27211	5.712819
16.22599	2.313539	16.35324	5.6113480000000004
16.30712	2.343981	16.43437	5.591054000000001
16.38825	2.232363	16.5155	5.530171
16.46938	2.252657	16.59663	5.550465
16.55051	2.161333	16.67776	5.3779639999999995
16.63164	2.151186	16.75889	5.306934999999999
16.71277	2.080156	16.84002	5.306934999999999
16.7939	2.080156	16.92115	5.327229
16.87502	2.049715	17.00228	5.246052
16.95615	1.958391	17.0834	5.11414
17.03728	1.978685	17.16453	5.0431099999999995
17.11841	1.8873609999999998	17.24566	5.012669
17.19954	1.897508	17.32679	4.931492
17.28067	1.7757429999999998	17.40792	4.901051
17.3618	1.674272	17.48905	4.840168
17.44293	1.613389	17.57018	4.779286
17.52406	1.623537	17.65131	4.769138
17.60519	1.532213	17.73244	4.708256
17.68632	1.5525069999999999	17.81357	4.698109
17.76744	1.4408889999999999	17.8947	4.616932
17.84857	1.369859	17.97582	4.515461
17.9297	1.3191229999999998	18.05695	4.495167
18.01083	1.3191229999999998	18.13808	4.4748719999999995
18.09196	1.359712	18.21921	4.41399
18.17309	1.248094	18.30034	4.312519
18.25422	1.227799	18.38147	4.322666
18.33535	1.177064	18.4626	4.180606
18.41648	1.095887	18.54373	4.180606
18.49761	1.035005	18.62486	4.119724
18.57874	1.0654460000000001	18.70599	4.008106000000001
18.65986	0.9436806	18.78712	3.896487
18.74099	0.9132393000000001	18.86824	3.896487
18.82212	0.8320624999999999	18.94937	3.845752
18.90325	0.7305914	19.0305	3.815311
18.98438	0.7305914	19.11163	3.815311
19.06551	0.7001501	19.19276	3.764575
19.14664	0.6900029999999999	19.27389	3.673251
19.22777	0.6189733	19.35502	3.6123689999999997
19.3089	0.5783849	19.43615	3.5514859999999997
19.39003	0.5276493	19.51728	3.5210449999999995
19.47116	0.5276493	19.59841	3.470309
19.55228	0.5175023	19.67953	3.4601620000000004
19.63341	0.4058841	19.76066	3.358691
19.71454	0.3551486	19.84179	3.2978089999999995
19.79567	0.192795	19.92292	3.2673669999999997
19.8768	0.2029421	20.00405	3.2369260000000004
19.95793	0.1725007	20.08518	3.155749
20.03906	0	20.16631	3.023837
20.12019	0.04058841	20.24744	3.0136900000000004
20.20132	-0.0101471	20.32857	2.962954
20.28245	-0.060882620000000005	20.4097	2.9528070000000004
20.36357	-0.050735520000000006	20.49083	2.912219
20.4447	0	20.57195	2.7600119999999997
20.52583	-0.050735520000000006	20.65308	2.709276
20.60696	-0.1826479	20.73421	2.6788350000000003
20.68809	-0.192795	20.81534	2.587511
20.76922	-0.24353049999999998	20.89647	2.567217
20.85035	-0.2333834	20.9776	2.506335
20.93148	-0.3348544	21.05873	2.435305
21.01261	-0.38558990000000004	21.13986	2.354128
21.09374	-0.4566196	21.22099	2.343981
21.17487	-0.4769138	21.30212	2.303392
21.25599	-0.4972081	21.38325	2.313539
21.33712	-0.5783849	21.46437	2.212068
21.41825	-0.7001501	21.5455	2.201921
21.49938	-0.7711798000000001	21.62663	2.10045
21.58051	-0.6392675	21.70776	2.070009
21.66164	-0.6900029999999999	21.78889	2.0192740000000002
21.74277	-0.8219154000000001	21.87002	1.958391
21.8239	-0.8929451	21.95115	1.917802
21.90503	-0.8726508	22.03228	1.8569200000000001
21.98616	-0.9842690000000001	22.11341	1.7757429999999998
22.06729	-1.055299	22.19454	1.6844190000000001
22.14841	-1.0451519999999999	22.27567	1.643831
22.22954	-1.116181	22.35679	1.6336840000000001
22.310669999999998	-1.166917	22.43792	1.6032419999999998
22.3918	-1.197358	22.51905	1.5930950000000001
22.47293	-1.136476	22.60018	1.623537
22.55406	-1.278535	22.68131	1.54236
22.63519	-1.390153	22.76244	1.532213
22.71632	-1.4003	22.84357	1.501771
22.79745	-1.4003	22.9247	1.451036
22.87858	-1.4611830000000001	23.00583	1.369859
22.95971	-1.501771	23.08696	1.298829
23.04083	-1.5728010000000001	23.16809	1.248094
23.12196	-1.6032419999999998	23.24921	1.166917
23.20309	-1.623537	23.33034	1.177064
23.28422	-1.674272	23.41147	1.197358
23.36535	-1.755449	23.4926	1.075593
23.44648	-1.7757429999999998	23.57373	1.0654460000000001
23.52761	-1.877214	23.65486	0.9842690000000001
23.60874	-1.8163310000000001	23.73599	0.9538277
23.68987	-1.846773	23.81712	0.9233863999999999
23.771	-1.958391	23.89825	0.8523565999999999
23.85213	-2.029421	23.97938	0.8320624999999999
23.93325	-2.0192740000000002	24.0605	0.7508856
24.01438	-2.080156	24.14163	0.7305914
24.09551	-2.080156	24.22276	0.6697088
24.17664	-2.17148	24.30389	0.5682378
24.25777	-2.222216	24.38502	0.5580906999999999
24.3389	-2.212068	24.46615	0.5073552
24.42003	-2.252657	24.54728	0.46676670000000003
24.50116	-2.272951	24.62841	0.42617829999999995
24.58229	-2.303392	24.70954	0.3754428
24.66342	-2.496187	24.79067	0.3145602
24.74454	-2.475893	24.8718	0.3044131
24.82567	-2.516482	24.95292	0.24353049999999998
24.9068	-2.455599	25.03405	0.22323630000000003
24.98793	-2.5266290000000002	25.11518	0.1217652
25.06906	-2.48604	25.19631	0.060882620000000005
25.15019	-2.7295710000000004	25.27744	0.0101471
25.23132	-2.7600119999999997	25.35857	-0.08117682
25.31245	-2.7295710000000004	25.4397	-0.1217652
25.39358	-2.739718	25.52083	-0.07102972
25.47471	-2.780306	25.60196	-0.1623536
25.55584	-2.8208949999999997	25.68309	-0.294266
25.63696	-2.932513	25.76422	-0.294266
25.71809	-2.912219	25.84534	-0.3348544
25.79922	-2.912219	25.92647	-0.38558990000000004
25.88035	-3.074572	26.0076	-0.4058841
25.96148	-3.1760430000000004	26.08873	-0.5377965
26.04261	-3.094866	26.16986	-0.5175023
26.12374	-3.115161	26.25099	-0.5580906999999999
26.20487	-3.125308	26.33212	-0.6697088
26.286	-3.196338	26.41325	-0.7204443
26.36713	-3.277514	26.49438	-0.7305914
26.44826	-3.338397	26.57551	-0.7508856
26.52938	-3.348544	26.65664	-0.8117683
26.61051	-3.4601620000000004	26.73776	-0.8726508
26.69164	-3.4601620000000004	26.81889	-0.9335335
26.77277	-3.510898	26.90002	-1.004563
26.8539	-3.5514859999999997	26.98115	-1.075593
26.93503	-3.592075	27.06228	-1.0654460000000001
27.01616	-3.6529570000000002	27.14341	-1.166917
27.09729	-3.5210449999999995	27.22454	-1.217652
27.17842	-3.64281	27.30567	-1.278535
27.25955	-3.8051639999999995	27.3868	-1.32927
27.34068	-3.7442809999999995	27.46793	-1.369859
27.4218	-3.815311	27.54906	-1.451036
27.50293	-3.866046	27.63018	-1.4408889999999999
27.58406	-3.906635	27.71131	-1.5525069999999999
27.66519	-3.88634	27.79244	-1.582948
27.74632	-3.977664	27.87357	-1.5930950000000001
27.82745	-4.109577	27.9547	-1.694566
27.90858	-4.048694	28.03583	-1.7047130000000001
27.98971	-4.089283	28.11696	-1.8366259999999999
28.07084	-4.200901	28.19809	-1.846773
28.15197	-4.2516359999999995	28.27922	-1.9279499999999998
28.2331	-4.2516359999999995	28.36035	-1.9685380000000001
28.31422	-4.373401	28.44147	-2.029421
28.39535	-4.282078	28.5226	-2.049715
28.47648	-4.373401	28.60373	-2.090303
28.55761	-4.434284	28.68486	-2.191774
28.63874	-4.4748719999999995	28.76599	-2.283098
28.71987	-4.525608	28.84712	-2.262804
28.801	-4.535755	28.92825	-2.425158
28.88213	-4.637226	29.00938	-2.384569
28.96326	-4.637226	29.09051	-2.404863
29.04439	-4.637226	29.17164	-2.435305
29.12551	-4.758991	29.25277	-2.546923
29.20664	-4.809727	29.33389	-2.6382470000000002
29.28777	-4.8198739999999995	29.41502	-2.6078050000000004
29.3689	-4.8198739999999995	29.49615	-2.658541
29.45003	-4.911198	29.57728	-2.7600119999999997
29.53116	-5.032963	29.65841	-2.8208949999999997
29.61229	-5.0532569999999994	29.73954	-2.851336
29.69342	-5.012669	29.82067	-2.962954
29.77455	-5.0431099999999995	29.9018	-3.0441309999999997
29.85568	-5.124287000000001	29.98293	-3.0136900000000004
29.93681	-5.246052	30.06406	-3.084719
30.01793	-5.164874999999999	30.14519	-3.115161
30.09906	-5.1750229999999995	30.22631	-3.287661
30.18019	-5.317082	30.30744	-3.338397
30.26132	-5.49973	30.38857	-3.389132
30.34245	-5.4287	30.4697	-3.338397
30.42358	-5.459141	30.55083	-3.419574
30.50471	-5.357670000000001	30.63196	-3.378985
30.58584	-5.479435	30.71309	-3.318103
30.66697	-5.540318	30.79422	-3.4297210000000002
30.7481	-5.520023999999999	30.87535	-3.419574
30.82923	-5.692525000000001	30.95648	-3.4601620000000004
30.91035	-5.641789999999999	31.03761	-3.5210449999999995
30.99148	-5.702672	31.11873	-3.541339
31.07261	-5.74326	31.19986	-3.581927
31.15374	-5.895467	31.28099	-3.632663
31.23487	-5.783849	31.36212	-3.663104
31.316	-5.976644	31.44325	-3.734134
31.39713	-6.047673	31.52438	-3.764575
31.47826	-5.9462019999999995	31.60551	-3.795016
31.55939	-6.017232	31.68664	-3.815311
31.64052	-6.138997000000001	31.76777	-3.88634
31.72165	-6.138997000000001	31.8489	-3.9675170000000004
31.80277	-6.098409	31.93003	-4.0283999999999995
31.8839	-6.159291	32.01115	-4.089283
31.96503	-6.220173999999999	32.09229	-4.140018
32.04616	-6.3013509999999995	32.17342	-4.190753
32.12729	-6.19988	32.25455	-4.200901
32.20842	-6.260762	32.33568	-4.292225
32.28955	-6.3013509999999995	32.41681	-4.424137
32.37069	-6.250615	32.49794	-4.434284
32.45182	-6.382528	32.57907	-4.403843
32.53295	-6.372381000000001	32.6602	-4.495167
32.61408	-6.3013509999999995	32.74133	-4.566196
32.69521	-6.433264	32.82246	-4.596638
32.77634	-6.565176	32.90359	-4.6067849999999995
32.85747	-6.656499999999999	32.98473	-4.647373
32.9386	-6.676794	33.06586	-4.708256
33.01973	-6.595617	33.14699	-4.8300209999999995
33.10086	-6.544882	33.22812	-4.911198
33.182	-6.656499999999999	33.30925	-4.901051
33.26313	-6.7478229999999995	33.39038	-4.992375
33.34426	-6.8391470000000005	33.47151	-4.911198
33.42539	-6.676794	33.55264	-4.911198
33.50652	-6.788411999999999	33.63377	-5.002522
33.58765	-6.818853000000001	33.7149	-4.992375
33.66878	-6.879736	33.79604	-4.921345
33.74991	-6.991354	33.87717	-4.850315
33.83104	-7.052237	33.9583	-4.840168
33.91217	-7.092825	34.03943	-4.880757
33.99331	-7.001500999999999	34.12056	-4.921345
34.07444	-7.133414	34.20169	-4.992375
34.15557	-7.174002000000001	34.28282	-5.012669
34.2367	-7.11312	34.36395	-5.022816000000001
34.31783	-7.204443	34.44508	-5.0532569999999994
34.39896	-7.346503	34.52621	-5.083698999999999
34.48009	-7.255179000000001	34.60735	-5.225758
34.56122	-7.326208	34.68848	-5.235905
34.64235	-7.366797	34.76961	-5.388112
34.72348	-7.397238	34.85074	-5.418553
34.80462	-7.468268	34.93187	-5.347523
34.88575	-7.559592	35.013	-5.459141
34.96688	-7.630621	35.09413	-5.49973
35.04801	-7.508856	35.17526	-5.530171
35.12914	-7.60018	35.25639	-5.57076
35.21027	-7.650916	35.33752	-5.601201
35.2914	-7.691504	35.41866	-5.662084
35.37253	-7.772681	35.49979	-5.672231
35.45366	-7.701651000000001	35.58092	-5.74326
35.53479	-7.823416999999999	35.66205	-5.8548789999999995
35.61592	-7.914741	35.74318	-5.8345839999999995
35.69706	-7.894446	35.82431	-5.88532
35.77819	-8.046653	35.90544	-5.915761
35.85932	-8.12783	35.98657	-6.047673
35.94045	-7.924887999999999	36.0677	-6.037526000000001
36.02158	-7.975623000000001	36.14883	-6.118703
36.10271	-8.107535	36.22997	-6.210027
36.183839999999996	-8.117682	36.3111	-6.169438
36.26497	-8.178564999999999	36.39223	-6.230321
36.3461	-8.188712	36.47336	-6.240468
36.42723	-8.158271	36.55449	-6.250615
36.50837	-8.229301	36.63562	-6.2912040000000005
36.5895	-8.280036	36.71675	-6.352087
36.67063	-8.249595000000001	36.79788	-6.412969
36.75176	-8.340919	36.87901	-6.423116
36.83289	-8.259742	36.96014	-6.544882
36.91402	-8.432242	37.04128	-6.595617
36.99515	-8.574302	37.12241	-6.656499999999999
37.07628	-8.554008	37.20354	-6.757971
37.15741	-8.625038	37.28467	-6.7478229999999995
37.23854	-8.594597	37.3658	-6.8695889999999995
37.31968	-8.564155	37.44693	-6.90003
37.40081	-8.594597	37.52806	-6.9609119999999995
37.48194	-8.614891	37.60919	-6.9609119999999995
37.56307	-8.736656	37.69032	-7.011648
37.6442	-8.787391	37.77145	-7.11312
37.72533	-8.625038	37.85258	-7.174002000000001
37.80646	-8.675773	37.93372	-7.214589999999999
37.88759	-8.888862	38.01485	-7.184149
37.96872	-8.868568	38.09598	-7.102971999999999
38.04985	-8.949745	38.17711	-7.133414
38.13099	-9.041069	38.25824	-7.143561
38.21212	-8.949745	38.33937	-7.234885
38.29325	-9.010627	38.4205	-7.326208
38.37438	-9.162834	38.50163	-7.3160609999999995
38.45551	-9.14254	38.58276	-7.366797
38.53664	-9.183128	38.66389	-7.4073850000000006
38.61777	-9.07151	38.74503	-7.4073850000000006
38.6989	-9.183128	38.82616	-7.508856
38.780029999999996	-9.223716	38.90729	-7.590033
38.86116	-9.274452	38.98842	-7.559592
38.9423	-9.3048940000000009	39.06955	-7.610327
39.02343	-9.406365	39.15068	-7.7523860000000004
39.10456	-9.386071	39.23181	-7.792975
39.18569	-9.406365	39.31294	-7.843711
39.26682	-9.467247	39.39407	-7.864005
39.34795	-9.507836	39.4752	-7.945182
39.42908	-9.599160000000001	39.55634	-7.9045939999999995
39.51021	-9.568718	39.63747	-7.792975
39.59134	-9.568718	39.7186	-7.721945
39.67247	-9.517983000000001	39.79973	-7.833564
39.7536	-9.731072000000001	39.88086	-7.81327
39.83474	-9.751366	39.96199	-7.721945
39.91587	-9.761513	40.04312	-7.7625340000000005
39.997	-9.680336	40.12425	-7.9045939999999995
40.07813	-9.781807	40.20538	-7.955329000000001
40.15926	-9.832543	40.28651	-7.8842989999999995
40.24039	-9.84269	40.36765	-7.955329000000001
40.32152	-9.761513	40.44878	-7.98577
40.40265	-9.862984	40.52991	-8.087241
40.48378	-10.07607	40.61104	-8.178564999999999
40.56491	-10.086219999999999	40.69217	-8.188712
40.64605	-9.964455000000001	40.7733	-8.249595000000001
40.72718	-10.086219999999999	40.85443	-8.249595000000001
40.80831	-10.1471	40.93556	-8.269889
40.88944	-10.18769	41.01669	-8.422095
40.97057	-10.04563	41.09782	-8.452537
41.0517	-10.1674	41.17896	-8.422095
41.13283	-10.086219999999999	41.26009	-8.523565999999999
41.21396	-10.21813	41.34122	-8.584449
41.29509	-10.319600000000001	41.42235	-8.564155
41.376220000000004	-10.289159999999999	41.50348	-8.554008
41.45736	-10.4921	41.58461	-8.625038
41.53849	-10.47181	41.66574	-8.726509
41.61962	-10.542840000000002	41.74687	-8.736656
41.70075	-10.46166	41.828	-8.797538
41.78188	-10.42108	41.90913	-8.797538
41.86301	-10.542840000000002	41.99026	-8.878715
41.94414	-10.613869999999999	42.0714	-8.949745
42.02527	-10.64431	42.15253	-8.990333
42.1064	-10.62402	42.23366	-9.061363
42.18753	-10.63416	42.31479	-9.112098
42.26867	-10.81681	42.39592	-9.162834
42.3498	-10.6849	42.47705	-9.152687
42.43093	-10.73563	42.55818	-9.244011
42.51206	-10.8574	42.63931	-9.3048940000000009
42.59319	-10.72549	42.72044	-9.365776
42.67432	-10.89799	42.80157	-9.426658999999999
42.75545	-10.948720000000002	42.88271	-9.416512
42.83658	-10.91828	42.96384	-9.467247
42.91771	-10.92843	43.04497	-9.497689000000001
42.99884	-11.2024	43.1261	-9.558570999999999
43.07998	-11.11108	43.20723	-9.609307
43.16111	-11.10093	43.28836	-9.70063
43.24224	-11.121220000000001	43.36949	-9.70063
43.32337	-11.2024	43.45062	-9.751366
43.4045	-11.21255	43.53175	-9.822396
43.48563	-11.273430000000001	43.61288	-9.873130999999999
43.56676	-11.273430000000001	43.69402	-9.984749
43.64789	-11.324169999999999	43.77515	-9.984749
43.72902	-11.34446	43.85628	-9.994896
43.81015	-11.395199999999999	43.93741	-10.04563
43.89128	-11.34446	44.01854	-10.1471
43.97242	-11.33431	44.09967	-10.1674
44.05355	-11.425640000000001	44.1808	-10.15725
44.13468	-11.48652	44.26193	-10.23843
44.21581	-11.50682	44.34306	-10.36019
44.29694	-11.5677	44.42419	-10.30946
44.37807	-11.59814	44.50533	-10.350050000000001
44.4592	-11.7402	44.58646	-10.37034
44.54033	-11.69961	44.66759	-10.431220000000001
44.62146	-11.62858	44.74872	-10.46166
44.70259	-11.7402	44.82985	-10.502249999999998
44.78373	-11.841669999999999	44.91098	-10.52255
44.86486	-11.66917	44.99211	-10.563130000000001
44.94599	-11.67932	45.07324	-10.70519
45.02712	-11.801079999999999	45.15437	-10.695050000000002
45.10825	-11.760489999999999	45.2355	-10.64431
45.18938	-11.841669999999999	45.31664	-10.755930000000001
45.27051	-11.983730000000001	45.39777	-10.837110000000001
45.35164	-11.983730000000001	45.4789	-10.867550000000001
45.43277	-12.054760000000002	45.56003	-10.92843
45.5139	-11.93299	45.64116	-10.95887
45.59504	-11.87211	45.72229	-11.04005
45.67617	-12.01417	45.80342	-11.14152
45.7573	-11.96344	45.88455	-11.161810000000001
45.83843	-12.10549	45.96568	-11.171959999999999
45.91956	-12.01417	46.04681	-11.2024
46.00069	-12.054760000000002	46.12794	-11.2024
46.08182	-12.095350000000002	46.20908	-11.36476
46.16295	-11.86196	46.29021	-11.34446
46.24408	-12.0852	46.371339999999996	-11.354610000000001
46.32521	-12.206969999999998	46.45247	-11.34446
46.40635	-12.14608	46.5336	-11.232840000000001
46.48748	-12.18667	46.61473	-11.2227
46.56861	-12.267850000000001	46.69586	-10.73563
46.64974	-12.318579999999999	46.77699	-10.52255
46.73087	-12.50123	46.85812	-10.57328
46.812	-12.551969999999999	46.93925	-10.70519
46.89313	-12.24755	47.02039	-10.73563
46.97426	-12.308440000000001	47.10152	-10.77622
47.05539	-12.277989999999999	47.18265	-10.796520000000001
47.13652	-12.47079	47.26378	-10.867550000000001
47.21766	-12.40991	47.34491	-10.81681
47.29879	-12.49108	47.42604	-10.82696
47.37992	-12.52152	47.50717	-10.88784
47.46105	-12.4302	47.5883	-11.00961
47.54218	-12.511379999999999	47.66943	-10.92843
47.62331	-12.592550000000001	47.75056	-11.019749999999998
47.70444	-12.58241	47.8317	-11.07049
47.78557	-12.67373	47.91283	-11.07049
47.8667	-12.67373	47.99396	-11.15167
47.94783	-12.71432	48.07509	-11.18211
48.02896	-12.81579	48.15622	-11.161810000000001
48.1101	-12.91726	48.23735	-11.11108
48.19123	-12.81579	48.31848	-11.15167
48.27236	-12.9477	48.39961	-11.283579999999999
48.35349	-12.968	48.48074	-11.314020000000001
48.43462	-13.01873	48.56187	-11.354610000000001
48.51575	-12.80564	48.64301	-11.395199999999999
48.59688	-12.75491	48.72414	-11.34446
48.67801	-12.978140000000002	48.80527	-11.354610000000001
48.75914	-13.07962	48.8864	-11.40534
48.84027	-13.05932	48.967529999999996	-11.40534
48.92141	-13.11006	49.04866	-11.52711
49.00254	-13.160789999999999	49.12979	-11.59814
49.08367	-13.28256	49.21092	-11.537260000000002
49.1648	-13.23182	49.29205	-11.67932
49.24593	-13.11006	49.37318	-11.67932
49.32706	-13.069469999999999	49.45432	-11.750350000000001
49.40819	-13.13035	49.53545	-11.7402
49.48932	-13.36374	49.61658	-11.841669999999999
49.57045	-13.25212	49.69771	-11.93299
49.65158	-13.201379999999999	49.77884	-11.93299
49.73272	-13.15065	49.85997	-12.01417
49.81385	-13.33329	49.9411	-12.01417
49.89498	-13.312999999999999	50.02223	-12.095350000000002
49.97611	-13.37388	50.10336	-12.04461
50.05724	-13.32315	50.18449	-12.14608
50.13837	-13.384030000000001	50.26563	-12.13594
50.2195	-13.54638	50.34676	-12.23741
50.30063	-13.50579	50.42789	-12.23741
50.38176	-13.52609	50.50902	-12.318579999999999
50.46289	-13.586969999999999	50.59015	-12.308440000000001
50.54403	-13.566679999999998	50.67128	-12.40991
50.62516	-13.607270000000002	50.75241	-12.44035
50.70629	-13.59712	50.83354	-12.551969999999999
50.78742	-13.70874	50.91467	-12.66359
50.86855	-13.353589999999999	50.9958	-12.612850000000002
50.94968	-13.73918	51.07693	-12.65344
51.03081	-13.81021	51.15807	-12.66359
51.11194	-13.81021	51.2392	-12.876669999999999
51.19307	-13.80006	51.32033	-12.7752
51.2742	-13.718879999999999	51.40146	-12.85638
51.35534	-13.820350000000001	51.48259	-12.89697
51.43647	-13.830499999999999	51.563720000000004	-12.89697
51.5176	-13.820350000000001	51.64485	-13.02888
51.59873	-13.789909999999999	51.72598	-13.02888
51.67986	-13.89138	51.80711	-13.05932
51.76099	-13.982709999999999	51.88824	-13.089760000000002
51.84212	-14.07403	51.96938	-13.13035
51.92325	-14.084179999999998	52.05051	-13.09991
52.00438	-14.13491	52.13164	-13.07962
52.08551	-13.93197	52.21277	-13.1202
52.16665	-14.07403	52.2939	-13.201379999999999
52.24778	-14.18565	52.37503	-13.1405
52.32891	-14.06388	52.45616	-13.262260000000001
52.41004	-14.1755	52.53729	-13.27241
52.49117	-14.21609	52.61842	-13.384030000000001
52.5723	-14.25668	52.69955	-13.40432
52.65343	-14.05374	52.78069	-13.50579
52.73456	-14.25668	52.86182	-13.51594
52.81569	-14.3683	52.94295	-13.586969999999999
52.89682	-14.124770000000002	53.02408	-13.55653
52.97795	-14.236389999999998	53.10521	-13.607270000000002
53.05909	-14.195799999999998	53.18634	-13.72903
53.14022	-14.297270000000001	53.26747	-13.72903
53.22135	-14.3683	53.3486	-13.88124
53.30248	-14.3683	53.42973	-13.88124
53.38361	-14.490060000000001	53.51086	-13.92182
53.46474	-14.61183	53.592	-13.982709999999999
53.54587	-14.55095	53.67313	-13.95227
53.627	-14.47992	53.75426	-13.95227
53.70813	-14.46977	53.83539	-14.09433
53.78926	-14.490060000000001	53.91652	-14.13491
53.8704	-14.50021	53.99765	-14.13491
53.95153	-14.51036	54.07878	-14.195799999999998
54.03266	-14.601679999999998	54.159910000000004	-14.236389999999998
54.11379	-14.59153	54.24104	-14.30742
54.19492	-14.57124	54.32217	-14.3683
54.27605	-14.70315	54.40331	-14.378440000000001
54.35718	-14.814770000000001	54.48444	-14.46977
54.43831	-14.73359	54.56557	-14.51036
54.51944	-14.79448	54.6467	-14.62198
54.60057	-14.662560000000001	54.72783	-14.581389999999999
54.68171	-14.84521	54.80896	-14.72345
54.76284	-14.824919999999999	54.89009	-14.76403
54.84397	-14.91624	54.97122	-14.814770000000001
54.9251	-15.007570000000001	55.05235	-14.865509999999999
55.00623	-15.01771	55.13348	-14.855360000000001
55.08736	-14.91624	55.21461	-14.865509999999999
55.16849	-14.895950000000001	55.29575	-14.946679999999999
55.24962	-14.8858	55.37688	-14.93654
55.33075	-14.80462	55.45801	-14.68286
55.41188	-14.895950000000001	55.53914	-14.65242
55.49302	-14.98727	55.62027	-14.78433
55.57415	-15.10904	55.7014	-14.83506
55.65528	-15.0583	55.78253	-14.895950000000001
55.73641	-15.04815	55.86366	-14.906089999999999
55.81754	-15.2511	55.94479	-14.92639
55.89867	-15.30183	56.02592	-14.93654
55.9798	-14.966980000000001	56.10706	-14.906089999999999
56.06093	-14.966980000000001	56.18819	-15.007570000000001
56.14206	-15.007570000000001	56.26932	-15.21051
56.22319	-15.24095	56.35045	-15.14963
56.30433	-15.19021	56.43158	-15.10904
56.38546	-15.26124	56.51271	-15.13948
56.46659	-15.14963	56.59384	-15.21051
56.54772	-15.2511	56.67497	-15.24095
56.62885	-15.24095	56.756100000000004	-15.342419999999999
56.70998	-15.31198	56.83723	-15.332270000000001
56.79111	-15.2511	56.91837	-15.47433
56.87224	-15.35257	56.9995	-15.423599999999999
56.95337	-15.28154	57.08063	-15.28154
57.0345	-15.484480000000001	57.16176	-15.08874
57.11563	-15.383009999999999	57.24289	-15.119179999999998
57.19677	-15.423599999999999	57.32402	-15.220650000000001
57.2779	-15.44389	57.40515	-15.18007
57.35903	-15.413450000000001	57.48628	-15.26124
57.44016	-15.5758	57.56741	-15.383009999999999
57.52129	-15.454039999999999	57.64854	-15.36271
57.60242	-15.62654	57.72968	-15.51492
57.68355	-15.4033	57.81081	-15.50477
57.76468	-15.484480000000001	57.89194	-15.565660000000001
57.84581	-15.68742	57.97307	-15.54536
57.92694	-15.60625	58.0542	-15.54536
58.00808	-15.7686	58.13533	-15.494629999999999
58.08921	-15.7686	58.21646	-15.413450000000001
58.17034	-15.67727	58.29759	-15.47433
58.25147	-15.64683	58.37872	-15.464179999999999
58.3326	-15.616389999999999	58.45985	-15.50477
58.41373	-15.71786	58.54099	-15.636690000000002
58.49486	-15.64683	58.62212	-15.60625
58.57599	-15.68742	58.70325	-15.5758
58.65712	-15.53521	58.78438	-15.66713
58.73825	-15.7686	58.86551	-15.65698
58.81939	-15.62654	58.94664	-15.67727
58.90052	-15.66713	59.02777	-15.75845
58.98165	-15.9208	59.1089	-15.70772
59.06278	-15.930950000000001	59.19003	-15.525070000000001
59.14391	-16.05272	59.27116	-15.636690000000002
59.22504	-15.79904	59.352290000000004	-15.62654
59.30617	-15.84978	59.43343	-15.62654
59.3873	-16.022280000000002	59.51456	-15.65698
59.46843	-15.91066	59.59569	-15.62654
59.54956	-15.81933	59.67682	-15.67727
59.6307	-15.88022	59.75795	-15.44389
59.71183	-16.16433	59.83908	-15.20036
59.79296	-16.15419	59.92021	-15.12933
59.87409	-16.15419	60.00134	-15.19021
59.95522	-16.00198	60.08247	-15.159770000000002
60.03635	-16.05272	60.1636	-15.28154
60.11748	-16.04257	60.24474	-15.342419999999999
60.19861	-16.174480000000003	60.32587	-15.30183
60.27974	-16.113599999999998	60.407	-15.31198
60.36087	-16.01213	60.48813	-15.332270000000001
60.44201	-16.22522	60.56926	-15.32213
60.52314	-16.05272	60.65039	-15.159770000000002
60.60427	-16.15419	60.73152	-15.14963
60.6854	-16.06286	60.81265	-15.21051
60.76653	-16.26581	60.89378	-15.26124
60.84766	-16.25566	60.97491	-15.2511
60.92879	-16.36728	61.05605	-15.28154
61.00992	-16.10345	61.13718	-15.332270000000001
61.09105	-16.10345	61.21831	-15.29168
61.17218	-16.499190000000002	61.29944	-15.484480000000001
61.25331	-16.346980000000002	61.38057	-15.383009999999999
61.33445	-16.428160000000002	61.4617	-15.36271
61.41558	-16.23536	61.54283	-15.32213
61.49671	-16.20492	61.62396	-15.39316
61.57784	-16.48904	61.70509	-15.53521
61.65897	-16.24551	61.78622	-15.454039999999999
61.7401	-16.38757	61.86736	-15.454039999999999
61.82123	-16.36728	61.94849	-15.50477
61.90236	-16.15419	62.02962	-15.47433
61.98349	-16.31654	62.11075	-15.64683
62.06462	-16.37742	62.19188	-15.70772
62.14576	-16.39772	62.27301	-15.72801
62.22689	-16.57022	62.35414	-15.748299999999999
62.30802	-16.67169	62.43527	-15.68742
62.38915	-16.53978	62.5164	-15.809190000000001
62.47028	-16.580370000000002	62.59753	-15.859919999999999
62.55141	-16.357129999999998	62.67867	-15.75845
62.63254	-16.346980000000002	62.7598	-15.83963
62.71367	-16.499190000000002	62.84093	-15.83963
62.7948	-16.81375	62.92206	-15.95125
62.87593	-16.87463	63.00319	-16.00198
62.95707	-16.4586	63.08432	-15.98169
63.0382	-16.428160000000002	63.16545	-15.890360000000001
63.11933	-16.70213	63.24658	-15.99183
63.20046	-16.73257	63.32771	-16.01213
63.28159	-16.651400000000002	63.40884	-16.08316
63.36272	-16.651400000000002	63.48997	-16.06286
63.44385	-16.68184	63.57111	-15.98169
63.52498	-16.69198	63.65224	-16.23536
63.60611	-16.75287	63.73337	-16.26581
63.68724	-16.59051	63.8145	-16.22522
63.76838	-16.79346	63.89563	-16.16433
63.84951	-16.6311	63.97676	-16.36728
63.93064	-16.53978	64.05789	-16.428160000000002
64.01176	-16.59051	64.13902	-16.25566
64.0929	-16.67169	64.22015	-16.357129999999998
64.17403	-16.88478	64.30128	-16.40787
64.25516	-16.6311	64.38242	-16.40787
64.33629	-16.75287	64.46355	-16.37742
64.41742	-16.83404	64.54468	-16.38757
64.49855	-16.66154	64.62581	-16.44845
64.57968	-16.8036	64.70694	-16.39772
64.66081	-16.92537	64.78807	-16.33684
64.74194	-16.68184	64.8692	-16.31654
64.82307	-16.915219999999998	64.95033	-16.37742
64.90421	-17.08772	65.03146	-16.44845
64.98534	-17.01669	65.11259	-16.60066
65.06647	-16.9964	65.19373	-16.64125
65.1476	-16.75287	65.27486	-16.68184
65.22873	-16.71228	65.35599	-16.651400000000002
65.30986	-16.77316	65.43712	-16.62095
65.39099	-16.81375	65.51825	-16.72243
65.47212	-16.87463	65.59938	-16.73257
65.55325	-17.04713	65.68051	-16.651400000000002
65.63438	-17.02684	65.76164	-16.580370000000002
65.71552	-16.92537	65.84277	-16.346980000000002
65.79665	-16.81375	65.9239	-16.48904
65.87778	-16.95581	66.00504	-16.6311
65.95891	-17.13846	66.08617	-16.6311
66.04004	-17.1689	66.1673	-16.60066
66.12117	-16.915219999999998	66.24843	-16.56007
66.2023	-17.057280000000002	66.32956	-16.59051
66.28343	-16.915219999999998	66.41069	-16.60066
66.36456	-16.823900000000002	66.49182	-16.4789
66.44569	-17.02684	66.57295	-16.61081
66.52682	-17.23993	66.65408	-16.61081
66.60796	-17.08772	66.73521	-16.68184
66.68909	-16.96596	66.81635	-16.72243
66.77022	-17.00654	66.89748	-16.77316
66.85135	-17.209490000000002	66.97861	-16.89493
66.93248	-17.40228	67.05974	-16.93552
67.01361	-17.08772	67.14087	-16.763009999999998
67.09474	-17.03699	67.222	-16.77316
67.17587	-16.93552	67.30313	-17.00654
67.257	-16.92537	67.38426	-17.1486
67.33813	-17.04713	67.46539	-17.02684
67.41927	-17.13846	67.54652	-16.95581
67.5004	-17.18919	67.62766	-17.12831
67.58153	-17.392139999999998	67.70879	-17.10802
67.66266	-17.392139999999998	67.78992	-16.96596
67.74379	-17.07757	67.87105	-17.11816
67.82492	-17.18919	67.95218	-16.94566
67.90605	-17.33125	68.03331	-17.067429999999998
67.98718	-17.49361	68.11444	-17.057280000000002
68.06831	-17.48346	68.19557	-17.00654
68.14944	-17.28052	68.2767	-16.86448
68.23058	-17.21963	68.35783	-17.03699
68.31171	-17.3414	68.43896	-17.01669
68.39284	-17.321099999999998	68.5201	-17.02684
68.47397	-17.01669	68.60123	-17.10802
68.5551	-17.209490000000002	68.68236	-17.21963
68.63623	-17.321099999999998	68.76349	-17.1486
68.71736	-17.35155	68.84462	-17.321099999999998
68.79849	-17.3414	68.92575	-17.27037
68.87962	-17.50375	69.00688	-17.23993
68.96075	-17.26022	69.08801	-17.25008
69.04189	-17.1486	69.16914	-17.35155
69.12302	-17.44287	69.25027	-17.473309999999998
69.20415	-17.23993	69.33141	-17.41243
69.28528	-17.49361	69.41254	-17.44287
69.36641	-17.54434	69.49367	-17.41243
69.44754	-17.80817	69.5748	-17.36169
69.52867	-17.63567	69.65593	-17.29066
69.6098	-17.37184	69.73706	-17.00654
69.69093	-17.48346	69.81819	-16.75287
69.77206	-17.59508	69.89932	-17.03699
69.8532	-17.60522	69.98045	-16.98625
69.93433	-17.473309999999998	70.06158	-16.79346
70.01546	-17.27037	70.14272	-16.74272
70.09659	-17.26022	70.22385	-16.84419
70.17772	-17.36169	70.30498	-16.78331
70.25885	-17.44287	70.38611	-16.78331
70.33998	-17.56464	70.46724	-16.85434
70.42111	-17.54434	70.54837	-16.92537
70.50224	-17.40228	70.6295	-16.905070000000002
70.58337	-17.36169	70.71063	-17.00654
70.66451	-17.40228	70.79176	-17.02684
70.74564	-17.55449	70.87289	-16.915219999999998
70.82677	-17.69655	70.95403	-16.88478
70.9079	-17.65596	71.03516	-16.92537
70.98903	-17.55449	71.11629	-16.94566
71.07016	-17.30081	71.19742	-17.12831
71.15129	-17.60522	71.27855	-17.11816
71.23242	-17.77772	71.35968	-17.04713
71.31355	-17.30081	71.44081	-16.92537
71.39468	-17.57478	71.52194	-16.77316
71.47581	-17.55449	71.60307	-17.04713
71.55695	-17.42258	71.6842	-16.94566
71.63808	-17.625519999999998	71.76534	-17.12831
71.71921	-17.5139	71.84647	-17.00654
71.80034	-17.52405	71.9276	-17.26022
71.88147	-17.48346	72.00873	-17.12831
71.9626	-17.58493	72.08986	-17.13846
72.04373	-17.73714	72.17099	-17.23993
72.12486	-17.706690000000002	72.25212	-17.25008
72.20599	-17.625519999999998	72.33325	-17.11816
72.28712	-17.50375	72.41438	-17.28052
72.36826	-17.69655	72.49551	-17.13846
72.44939	-17.81831	72.57664	-17.18919
72.53052	-17.798019999999998	72.65778	-17.067429999999998
72.61165	-17.645809999999997	72.73891	-17.08772
72.69278	-17.392139999999998	72.82004	-17.29066
72.77391	-17.58493	72.90117	-17.27037
72.85504	-17.706690000000002	72.9823	-17.067429999999998
72.93617	-17.71684	73.06343	-17.28052
73.0173	-17.59508	73.14456	-17.29066
73.09843	-17.43272	73.22569	-17.25008
73.17957	-17.838610000000003	73.30682	-17.463160000000002
73.2607	-17.88934	73.38795	-17.392139999999998
73.34183	-17.66611	73.46909	-17.52405
73.42296	-17.69655	73.55022	-17.37184
73.50409	-17.55449	73.63135	-17.5139
73.58522	-17.645809999999997	73.71248	-17.463160000000002
73.66635	-17.65596	73.79361	-17.29066
73.74748	-17.75743	73.87474	-17.49361
73.82861	-17.73714	73.95587	-17.645809999999997
73.90974	-17.92993	74.037	-17.60522
73.99088	-17.858900000000002	74.11813	-17.41243
74.07201	-17.84875	74.19926	-17.392139999999998
74.15314	-17.686400000000003	74.2804	-17.36169
74.23427	-17.89949	74.36153	-17.33125
74.3154	-17.82846	74.44266	-17.35155
74.39653	-17.72699	74.52379	-17.52405
74.47766	-17.56464	74.60492	-17.66611
74.55879	-17.625519999999998	74.68605	-17.65596
74.63992	-17.66611	74.76718	-17.463160000000002
74.72105	-17.72699	74.84831	-17.381990000000002
74.80219	-17.76758	74.92944	-17.55449
74.88332	-17.8792	75.01057	-17.41243
74.96445	-17.96037	75.09171	-17.321099999999998
75.04558	-17.80817	75.17284	-17.36169
75.12671	-17.67625	75.25397	-17.29066
75.20784	-17.43272	75.3351	-17.43272
75.28897	-17.55449	75.41623	-17.28052
75.3701	-17.72699	75.49736	-17.57478
75.45123	-17.66611	75.57849	-17.5139
75.53236	-17.78787	75.65962	-17.43272
75.61349	-17.55449	75.74075	-17.50375
75.69463	-17.86905	75.82188	-17.41243
75.77576	-17.950229999999998	75.90302	-17.43272
75.85689	-17.81831	75.98415	-17.56464
75.93802	-17.65596	76.06528	-17.41243
76.01915	-17.55449	76.14641	-17.473309999999998
76.10028	-17.71684	76.22754	-17.473309999999998
76.18141	-17.69655	76.30867	-17.41243
76.26254	-17.72699	76.3898	-17.43272
76.34367	-17.78787	76.47093	-17.392139999999998
76.4248	-17.534190000000002	76.55206	-17.44287
76.50594	-17.66611	76.63319	-17.67625
76.58707	-17.91978	76.71432	-17.625519999999998
76.6682	-17.90964	76.79546	-17.57478
76.74933	-17.82846	76.87659	-17.67625
76.83046	-18.011110000000002	76.95772	-17.66611
76.91159	-18.16331	77.03885	-17.60522
76.99272	-17.86905	77.11998	-17.534190000000002
77.07385	-17.89949	77.20111	-17.44287
77.15498	-18.011110000000002	77.28224	-17.48346
77.23611	-17.97052	77.36337	-17.625519999999998
77.31725	-17.96037	77.4445	-17.686400000000003
77.39838	-17.950229999999998	77.52563	-17.61537
77.47951	-17.80817	77.60677	-17.58493
77.56064	-17.96037	77.6879	-17.52405
77.64177	-18.11258	77.76903	-17.55449
77.7229	-17.82846	77.85016	-17.55449
77.80403	-17.73714	77.93129	-17.73714
77.88516	-17.42258	78.01242	-17.63567
77.96629	-17.80817	78.09355	-17.60522
78.04742	-18.0314	78.17468	-17.686400000000003
78.12856	-17.90964	78.25581	-17.63567
78.20969	-18.011110000000002	78.33694	-17.5139
78.29082	-18.11258	78.41808	-17.686400000000003
78.37195	-18.15317	78.49921	-17.463160000000002
78.45308	-17.706690000000002	78.58034	-17.706690000000002
78.53421	-17.81831	78.66147	-17.77772
78.61534	-17.88934	78.7426	-17.67625
78.69647	-18.12273	78.82373	-17.67625
78.7776	-17.91978	78.90486	-17.76758
78.85873	-18.04155	78.98599	-17.69655
78.93987	-18.16331	79.06712	-17.63567
79.021	-18.13287	79.14825	-17.56464
79.10213	-17.91978	79.22939	-17.69655
79.18326	-17.686400000000003	79.31052	-17.686400000000003
79.26439	-17.940080000000002	79.39165	-17.71684
79.34552	-17.65596	79.47278	-17.69655
79.42665	-17.55449	79.55391	-17.80817
79.50778	-17.88934	79.63504	-17.80817
79.58891	-17.98067	79.71617	-17.80817
79.67004	-17.99081	79.7973	-17.86905
79.75117	-17.92993	79.87843	-17.71684
79.83231	-18.04155	79.95956	-18.07199
79.91344	-17.798019999999998	80.0407	-17.97052
79.99457	-17.798019999999998	80.12183	-17.76758
80.0757	-17.98067	80.20296	-17.8792
80.15683	-17.69655	80.28409	-17.63567
80.23796	-17.98067	80.36522	-17.798019999999998
80.31909	-18.06184	80.44635	-17.89949
80.40022	-18.011110000000002	80.52748	-17.89949
80.48135	-17.82846	80.60861	-17.74728
80.56248	-17.96037	80.68974	-17.76758
80.64362	-17.950229999999998	80.77087	-17.858900000000002
80.72475	-17.940080000000002	80.85201	-17.96037
80.80588	-18.0517	80.93314	-18.06184
80.88701	-18.26479	81.01427	-17.82846
80.96814	-18.08214	81.0954	-17.86905
81.04927	-18.17346	81.17653	-17.84875
81.1304	-18.23434	81.25766	-17.75743
81.21153	-18.00096	81.33879	-18.06184
81.29266	-17.97052	81.41992	-18.0517
81.37379	-18.13287	81.50105	-18.0314
81.45493	-18.011110000000002	81.58218	-18.06184
81.53606	-18.00096	81.66331	-18.18361
81.61719	-17.81831	81.74445	-18.38655
81.69832	-17.686400000000003	81.82558	-18.35611
81.77945	-17.73714	81.90671	-18.25464
81.86058	-17.97052	81.98784	-18.30537
81.94171	-18.23434	82.06897	-17.89949
82.02284	-17.98067	82.1501	-17.96037
82.10397	-18.0314	82.23123	-17.98067
82.1851	-18.04155	82.31236	-18.08214
82.26624	-18.07199	82.39349	-18.00096
82.34737	-18.12273	82.47462	-17.92993
82.4285	-17.78787	82.55576	-18.0314
82.50963	-17.950229999999998	82.63689	-18.19376
82.59076	-17.8792	82.71802	-18.2242
82.67189	-17.92993	82.79915	-18.34596
82.75302	-17.798019999999998	82.88028	-18.2039
82.83415	-18.18361	82.96141	-18.13287
82.91528	-17.940080000000002	83.04254	-18.04155
82.99641	-17.58493	83.12367	-18.14302
83.07755	-18.07199	83.2048	-18.31552
83.15868	-17.86905	83.28593	-18.32567
83.23981	-17.798019999999998	83.36707	-18.13287
83.32094	-18.0517	83.4482	-18.12273
83.40207	-18.13287	83.52933	-18.19376
83.4832	-17.98067	83.61046	-18.30537
83.56433	-17.89949	83.69159	-18.427139999999998
83.64546	-18.18361	83.77272	-18.48802
83.72659	-18.24449	83.85385	-18.30537
83.80772	-18.02125	83.93498	-18.12273
83.88885	-17.90964	84.01611	-18.29523
83.96999	-17.82846	84.09724	-18.16331
84.05112	-17.89949	84.17838	-18.21405
84.13225	-17.8792	84.25951	-18.24449
84.21338	-17.838610000000003	84.34064	-18.335820000000002
84.29451	-18.00096	84.42177	-18.29523
84.37564	-18.23434	84.5029	-18.32567
84.45677	-17.99081	84.58403	-18.48802
84.5379	-17.75743	84.66516	-18.40684
84.61903	-18.0314	84.74629	-18.18361
84.70016	-18.00096	84.82742	-18.335820000000002
84.7813	-18.04155	84.90855	-18.55905
84.86243	-18.04155	84.98969	-18.53876
84.94356	-18.04155	85.07082	-18.7417
85.02469	-18.18361	85.15195	-18.21405
85.10582	-17.99081	85.23308	-18.416990000000002
85.18695	-18.17346	85.31421	-18.47787
85.26808	-18.0314	85.39534	-18.32567
85.34921	-18.11258	85.47647	-18.55905
85.43034	-18.13287	85.5576	-18.3967
85.51147	-18.26479	85.63873	-18.32567
85.59261	-18.0517	85.71986	-18.3967
85.67374	-18.335820000000002	85.80099	-18.34596
85.75487	-18.274929999999998	85.88213	-18.48802
85.836	-17.798019999999998	85.96326	-18.416990000000002
85.91713	-17.90964	86.04439	-18.50832
85.99826	-17.89949	86.12552	-18.427139999999998
86.07939	-17.88934	86.20665	-18.416990000000002
86.16052	-17.90964	86.28778	-18.48802
86.24165	-17.66611	86.36891	-18.52861
86.32278	-17.89949	86.45004	-18.55905
86.40392	-18.07199	86.53117	-18.55905
86.48505	-18.07199	86.6123	-18.50832
86.56618	-18.17346	86.69344	-18.35611
86.64731	-18.07199	86.77457	-18.38655
86.72844	-18.14302	86.8557	-18.335820000000002
86.80957	-18.08214	86.93683	-18.335820000000002
86.8907	-18.011110000000002	87.01796	-18.32567
86.97183	-17.798019999999998	87.09909	-18.32567
87.05296	-17.90964	87.18022	-17.99081
87.13409	-17.91978	87.26135	-17.84875
87.21523	-17.98067	87.34248	-17.798019999999998
87.29636	-18.10243	87.42361	-18.011110000000002
87.37749	-18.16331	87.50475	-18.21405
87.45862	-18.011110000000002	87.58588	-18.19376
87.53975	-18.0314	87.66701	-18.00096
87.62088	-18.011110000000002	87.74814	-17.82846
87.70201	-17.88934	87.82927	-17.99081
87.78314	-18.0314	87.9104	-18.07199
87.86427	-17.98067	87.99153	-17.950229999999998
87.9454	-18.08214	88.07266	-18.00096
88.02654	-18.19376	88.15379	-17.84875
88.10767	-18.26479	88.23492	-17.90964
88.1888	-18.0517	88.31606	-18.0517
88.26993	-18.15317	88.39719	-17.97052
88.35106	-17.950229999999998	88.47832	-17.82846
88.43219	-18.02125	88.55945	-17.838610000000003
88.51332	-18.06184	88.64058	-18.30537
88.59445	-17.91978	88.72171	-18.10243
88.67558	-18.13287	88.80284	-17.96037
88.75671	-18.29523	88.88397	-17.80817
88.83784	-18.12273	88.9651	-17.838610000000003
88.91898	-18.12273	89.04623	-18.07199
89.00011	-18.14302	89.12737	-17.88934
89.08124	-18.07199	89.2085	-17.80817
89.16237	-17.88934	89.28963	-18.04155
89.2435	-17.73714	89.37076	-18.24449
89.32463	-18.15317	89.45189	-18.274929999999998
89.40576	-18.00096	89.53302	-18.24449
89.48689	-17.97052	89.61415	-17.858900000000002
89.56802	-17.97052	89.69528	-18.10243
89.64915	-17.940080000000002	89.77641	-18.30537
89.73029	-17.92993	89.85754	-18.427139999999998
89.81142	-17.88934	89.93867	-18.2242
89.89255	-17.98067	90.01981	-18.17346
89.97368	-18.07199	90.10094	-18.06184
90.05481	-18.07199	90.18207	-17.89949
90.13594	-18.26479	90.2632	-18.011110000000002
90.21707	-17.950229999999998	90.34433	-18.04155
90.2982	-17.86905	90.42546	-18.26479
90.37933	-17.89949	90.50659	-18.092290000000002
90.46046	-18.06184	90.58772	-18.011110000000002
90.5416	-17.838610000000003	90.66885	-18.25464
90.62273	-17.81831	90.74998	-18.2242
90.70386	-17.92993	90.83112	-18.13287
90.78499	-17.858900000000002	90.91225	-17.8792
90.86612	-18.274929999999998	90.99338	-18.02125
90.94725	-18.04155	91.07451	-18.04155
91.02838	-17.76758	91.15564	-18.18361
91.10951	-17.84875	91.23677	-18.23434
91.19064	-18.07199	91.3179	-18.15317
91.27177	-18.17346	91.39903	-18.11258
91.35291	-18.0517	91.48016	-18.26479
91.43404	-17.99081	91.56129	-18.07199
91.51517	-17.98067	91.64243	-17.88934
91.5963	-18.08214	91.72356	-18.06184
91.67743	-17.838610000000003	91.80469	-18.00096
91.75856	-17.98067	91.88582	-18.18361
91.83969	-18.0314	91.96695	-18.19376
91.92082	-18.17346	92.04808	-17.84875
92.00195	-18.08214	92.12921	-17.82846
92.08308	-17.8792	92.21034	-18.11258
92.16422	-17.686400000000003	92.29147	-18.08214
92.24535	-18.00096	92.3726	-18.14302
92.32648	-18.36626	92.45374	-17.940080000000002
92.40761	-18.38655	92.53487	-17.88934
92.48874	-18.06184	92.616	-18.11258
92.56987	-18.11258	92.69713	-18.14302
92.651	-18.18361	92.77826	-18.011110000000002
92.73213	-17.96037	92.85939	-17.940080000000002
92.81326	-18.02125	92.94052	-18.10243
92.89439	-18.00096	93.02165	-17.92993
92.97552	-18.0314	93.10278	-17.99081
93.05666	-18.02125	93.18391	-18.15317
93.13779	-17.98067	93.26505	-18.06184
93.21892	-18.07199	93.34618	-18.10243
93.30005	-17.73714	93.42731	-18.08214
93.38118	-18.10243	93.50844	-18.08214
93.46231	-18.10243	93.58957	-18.00096
93.54344	-18.11258	93.6707	-17.98067
93.62457	-18.2242	93.75183	-18.04155
93.7057	-18.092290000000002	93.83296	-18.11258
93.78683	-18.2242	93.91409	-18.16331
93.86797	-18.274929999999998	93.99522	-18.2039
93.9491	-18.15317	94.07635	-18.29523
94.03023	-18.02125	94.15749	-17.99081
94.11136	-18.12273	94.23862	-17.84875
94.19249	-18.25464	94.31975	-18.2039
94.27362	-18.26479	94.40088	-18.23434
94.35475	-17.78787	94.48201	-18.25464
94.43588	-17.72699	94.56314	-18.21405
94.51701	-17.950229999999998	94.64427	-18.0517
94.59814	-18.00096	94.7254	-18.16331
94.67928	-17.950229999999998	94.80653	-18.0517
94.76041	-17.90964	94.88766	-18.25464
94.84154	-18.10243	94.9688	-18.04155
94.92267	-18.29523	95.04993	-17.88934
95.0038	-18.29523	95.13106	-17.92993
95.08493	-18.43729	95.21219	-17.75743
95.16606	-18.23434	95.29332	-18.06184
95.24719	-18.092290000000002	95.37445	-18.0517
95.32832	-18.31552	95.45558	-17.99081
95.40945	-17.98067	95.53671	-17.97052
95.49059	-17.90964	95.61784	-18.02125
95.57172	-18.30537	95.69897	-18.427139999999998
95.65285	-18.15317	95.78011	-18.30537
95.73398	-17.8792	95.86124	-18.14302
95.81511	-17.73714	95.94237	-18.17346
95.89624	-17.940080000000002	96.0235	-17.97052
95.97737	-17.74728	96.10463	-17.80817
96.0585	-17.99081	96.18576	-17.950229999999998
96.13963	-17.96037	96.26689	-17.89949
96.22076	-17.84875	96.34802	-17.82846
96.3019	-18.0314	96.42915	-17.84875
96.38303	-18.12273	96.51028	-18.06184
96.46416	-17.798019999999998	96.59142	-17.950229999999998
96.54529	-17.66611	96.67255	-18.04155
96.62642	-18.19376	96.75368	-18.14302
96.70755	-18.25464	96.83481	-17.96037
96.78868	-18.31552	96.91594	-18.11258
96.86981	-18.17346	96.99707	-18.18361
96.95094	-18.12273	97.0782	-18.2039
97.03207	-18.06184	97.15933	-18.15317
97.1132	-17.89949	97.24046	-18.10243
97.19434	-18.25464	97.32159	-18.0517
97.27547	-18.14302	97.40273	-18.16331
97.3566	-18.092290000000002	97.48386	-18.16331
97.43773	-18.011110000000002	97.56499	-18.17346
97.51886	-18.011110000000002	97.64612	-18.04155
97.59999	-18.0517	97.72725	-18.08214
97.68112	-18.0314	97.80838	-18.00096
97.76225	-17.940080000000002	97.88951	-17.99081
97.84338	-18.011110000000002	97.97064	-18.13287
97.92451	-18.15317	98.05177	-17.99081
98.00565	-17.97052	98.1329	-17.75743
98.08678	-17.89949	98.21404	-17.73714
98.16791	-17.97052	98.29517	-18.02125
98.24904	-17.99081	98.3763	-18.21405
98.33017	-17.96037	98.45743	-18.18361
98.4113	-18.04155	98.53856	-18.10243
98.49243	-18.24449	98.61969	-18.011110000000002
98.57356	-18.14302	98.70082	-17.8792
98.65469	-18.30537	98.78195	-17.940080000000002
98.73582	-18.13287	98.86308	-18.13287
98.81696	-17.82846	98.94421	-18.08214
98.89809	-17.96037	99.02534	-18.10243
98.97922	-18.40684	99.10648	-18.11258
99.06035	-18.06184	99.18761	-18.11258
99.14148	-17.73714	99.26874	-18.31552
99.22261	-17.84875	99.34987	-18.45758
99.30374	-18.08214	99.431	-18.19376
99.38487	-17.92993	99.51213	-18.28508
99.466	-18.04155	99.59326	-18.35611
99.54713	-17.97052	99.67439	-18.04155
99.62827	-18.08214	99.75552	-17.91978
99.7094	-17.63567	99.83665	-18.06184
99.79053	-17.97052	99.91779	-18.25464
99.87166	-18.3967	99.99892	-18.14302
99.95279	-18.16331	100.08	-18.07199
100.0339	-17.80817	100.1612	-18.02125
100.1151	-17.940080000000002	100.2423	-17.75743
100.1962	-17.98067	100.3234	-18.08214
100.2773	-17.838610000000003	100.4046	-18.2039
100.3584	-17.8792	100.4857	-18.13287
100.4396	-18.02125	100.5668	-18.21405
100.5207	-18.2039	100.648	-18.2039
100.6018	-18.08214	100.7291	-17.99081
100.683	-18.0517	100.8102	-18.011110000000002
100.7641	-17.90964	100.8914	-18.2039
100.8452	-18.18361	100.9725	-18.24449
100.9264	-18.335820000000002	101.0536	-18.2242
101.0075	-18.07199	101.1348	-17.96037
101.0886	-18.18361	101.2159	-17.88934
101.1698	-18.092290000000002	101.297	-17.88934
101.2509	-17.838610000000003	101.3781	-18.11258
101.332	-17.91978	101.4593	-18.06184
101.4131	-18.00096	101.5404	-18.30537
101.4943	-17.84875	101.6215	-18.36626
101.5754	-18.12273	101.7027	-18.26479
101.6565	-18.32567	101.7838	-18.36626
101.7377	-18.011110000000002	101.8649	-18.18361
101.8188	-18.0314	101.9461	-18.04155
101.8999	-18.34596	102.0272	-17.96037
101.9811	-18.274929999999998	102.1083	-17.97052
102.0622	-18.02125	102.1895	-18.07199
102.1433	-17.77772	102.2706	-18.0314
102.2245	-18.06184	102.3517	-18.011110000000002
102.3056	-18.06184	102.4328	-18.12273
102.3867	-17.99081	102.514	-18.18361
102.4678	-17.84875	102.5951	-18.15317
102.549	-18.07199	102.6762	-18.07199
102.6301	-17.97052	102.7574	-18.0517
102.7112	-17.838610000000003	102.8385	-18.17346
102.7924	-17.78787	102.9196	-18.3764
102.8735	-17.90964	103.0008	-18.32567
102.9546	-17.838610000000003	103.0819	-18.21405
103.0358	-17.940080000000002	103.163	-18.16331
103.1169	-18.08214	103.2442	-17.940080000000002
103.198	-18.00096	103.3253	-17.90964
103.2792	-17.99081	103.4064	-18.38655
103.3603	-18.12273	103.4875	-18.50832
103.4414	-18.07199	103.5687	-18.15317
103.5226	-17.950229999999998	103.6498	-17.98067
103.6037	-17.78787	103.7309	-18.13287
103.6848	-17.81831	103.8121	-18.11258
103.7659	-18.07199	103.8932	-18.15317
103.8471	-17.90964	103.9743	-18.2039
103.9282	-18.0517	104.0555	-17.99081
104.0093	-18.18361	104.1366	-18.17346
104.0905	-17.8792	104.2177	-18.011110000000002
104.1716	-17.90964	104.2989	-17.838610000000003
104.2527	-18.12273	104.38	-18.10243
104.3339	-18.14302	104.4611	-18.12273
104.415	-18.06184	104.5423	-18.2039
104.4961	-17.99081	104.6234	-18.427139999999998
104.5773	-18.00096	104.7045	-18.2039
104.6584	-17.77772	104.7856	-17.84875
104.7395	-18.04155	104.8668	-17.92993
104.8206	-18.02125	104.9479	-18.21405
104.9018	-17.91978	105.029	-18.28508
104.9829	-18.04155	105.1102	-18.3764
105.064	-18.07199	105.1913	-18.30537
105.1452	-17.88934	105.2724	-18.32567
105.2263	-17.858900000000002	105.3536	-18.24449
105.3074	-17.950229999999998	105.4347	-17.97052
105.3886	-18.13287	105.5158	-18.23434
105.4697	-18.10243	105.597	-18.26479
105.5508	-18.274929999999998	105.6781	-18.18361
105.632	-18.16331	105.7592	-18.04155
105.7131	-17.97052	105.8403	-18.10243
105.7942	-17.96037	105.9215	-18.16331
105.8754	-17.98067	106.0026	-18.35611
105.9565	-17.96037	106.0837	-18.15317
106.0376	-17.81831	106.1649	-17.75743
106.1187	-18.0517	106.246	-17.90964
106.1999	-17.72699	106.3271	-17.82846
106.281	-17.80817	106.4083	-17.72699
106.3621	-18.13287	106.4894	-17.74728
106.4433	-17.92993	106.5705	-18.18361
106.5244	-18.16331	106.6517	-18.51846
106.6055	-18.15317	106.7328	-18.2039
106.6867	-18.13287	106.8139	-18.11258
106.7678	-18.0314	106.8951	-18.21405
106.8489	-17.96037	106.9762	-18.19376
106.9301	-17.92993	107.0573	-18.15317
107.0112	-17.98067	107.1384	-18.335820000000002
107.0923	-17.940080000000002	107.2196	-18.0314
107.1734	-17.91978	107.3007	-17.8792
107.2546	-17.77772	107.3818	-18.16331
107.3357	-17.706690000000002	107.463	-18.28508
107.4168	-17.81831	107.5441	-18.23434
107.498	-17.84875	107.6252	-18.21405
107.5791	-17.66611	107.7064	-18.2242
107.6602	-18.011110000000002	107.7875	-18.18361
107.7414	-17.86905	107.8686	-17.98067
107.8225	-18.0314	107.9498	-18.12273
107.9036	-17.96037	108.0309	-18.02125
107.9848	-17.80817	108.112	-17.89949
108.0659	-17.88934	108.1931	-17.88934
108.147	-18.07199	108.2743	-18.12273
108.2281	-17.98067	108.3554	-18.0314
108.3093	-18.00096	108.4365	-18.19376
108.3904	-17.92993	108.5177	-18.18361
108.4715	-17.89949	108.5988	-18.12273
108.5527	-17.82846	108.6799	-18.0314
108.6338	-18.08214	108.7611	-18.08214
108.7149	-18.0314	108.8422	-18.25464
108.7961	-17.89949	108.9233	-18.2039
108.8772	-17.99081	109.0045	-18.3764
108.9583	-18.00096	109.0856	-18.06184
109.0395	-17.98067	109.1667	-18.12273
109.1206	-17.940080000000002	109.2478	-18.10243
109.2017	-18.08214	109.329	-18.10243
109.2829	-17.8792	109.4101	-18.2242
109.364	-18.011110000000002	109.4912	-18.15317
109.4451	-17.838610000000003	109.5724	-18.00096
109.5262	-18.0517	109.6535	-18.04155
109.6074	-17.99081	109.7346	-18.31552
109.6885	-17.78787	109.8158	-18.16331
109.7696	-18.15317	109.8969	-18.06184
109.8508	-18.21405	109.978	-18.011110000000002
109.9319	-18.12273	110.0592	-18.26479
110.013	-18.14302	110.1403	-18.12273
110.0942	-18.06184	110.2214	-18.19376
110.1753	-18.12273	110.3026	-18.19376
110.2564	-18.24449	110.3837	-18.17346
110.3376	-17.78787	110.4648	-18.06184
110.4187	-17.92993	110.5459	-17.76758
110.4998	-18.06184	110.6271	-18.18361
110.5809	-17.97052	110.7082	-18.13287
110.6621	-17.80817	110.7893	-17.97052
110.7432	-17.84875	110.8705	-18.08214
110.8243	-17.950229999999998	110.9516	-18.092290000000002
110.9055	-18.0517	111.0327	-18.13287
110.9866	-17.97052	111.1139	-17.92993
111.0677	-17.74728	111.195	-17.950229999999998
111.1489	-18.06184	111.2761	-18.15317
111.23	-18.092290000000002	111.3573	-18.16331
111.3111	-17.858900000000002	111.4384	-18.32567
111.3923	-17.90964	111.5195	-18.43729
111.4734	-17.96037	111.6006	-18.17346
111.5545	-17.706690000000002	111.6818	-18.02125
111.6357	-17.73714	111.7629	-18.14302
111.7168	-17.76758	111.844	-18.11258
111.7979	-17.89949	111.9252	-18.25464
111.879	-18.24449	112.0063	-18.011110000000002
111.9602	-17.88934	112.0874	-18.12273
112.0413	-17.75743	112.1686	-18.18361
112.1224	-18.0517	112.2497	-18.00096
112.2036	-17.950229999999998	112.3308	-17.940080000000002
112.2847	-17.78787	112.412	-17.89949
112.3658	-17.74728	112.4931	-17.72699
112.447	-17.798019999999998	112.5742	-17.798019999999998
112.5281	-17.76758	112.6553	-18.17346
112.6092	-17.706690000000002	112.7365	-18.06184
112.6904	-17.86905	112.8176	-18.15317
112.7715	-17.858900000000002	112.8987	-18.11258
112.8526	-17.98067	112.9799	-18.274929999999998
112.9337	-18.0517	113.061	-18.40684
113.0149	-17.92993	113.1421	-18.08214
113.096	-17.858900000000002	113.2233	-18.08214
113.1771	-17.66611	113.3044	-18.08214
113.2583	-18.0517	113.3855	-18.16331
113.3394	-18.25464	113.4667	-18.2242
113.4205	-18.15317	113.5478	-18.13287
113.5017	-18.15317	113.6289	-17.88934
113.5828	-17.940080000000002	113.7101	-18.06184
113.6639	-17.81831	113.7912	-18.11258
113.7451	-17.76758	113.8723	-18.07199
113.8262	-17.706690000000002	113.9534	-18.28508
113.9073	-17.8792	114.0346	-18.28508
113.9884	-18.06184	114.1157	-18.3967
114.0696	-18.0314	114.1968	-18.0517
114.1507	-17.88934	114.278	-17.81831
114.2318	-17.58493	114.3591	-17.76758
114.313	-17.82846	114.4402	-18.12273
114.3941	-18.13287	114.5214	-18.10243
114.4752	-17.91978	114.6025	-18.11258
114.5564	-17.89949	114.6836	-18.04155
114.6375	-17.72699	114.7648	-17.91978
114.7186	-17.76758	114.8459	-17.8792
114.7998	-18.011110000000002	114.927	-17.98067
114.8809	-17.97052	115.0081	-17.96037
114.962	-18.02125	115.0893	-18.24449
115.0432	-17.99081	115.1704	-18.335820000000002
115.1243	-17.74728	115.2515	-18.35611
115.2054	-17.72699	115.3327	-18.17346
115.2865	-17.950229999999998	115.4138	-18.0314
115.3677	-18.08214	115.4949	-17.940080000000002
115.4488	-17.96037	115.5761	-17.97052
115.5299	-18.08214	115.6572	-18.092290000000002
115.6111	-17.66611	115.7383	-18.092290000000002
115.6922	-17.77772	115.8195	-18.18361
115.7733	-18.14302	115.9006	-18.24449
115.8545	-17.98067	115.9817	-18.092290000000002
115.9356	-17.75743	116.0629	-17.96037
116.0167	-18.092290000000002	116.144	-17.78787
116.0979	-17.96037	116.2251	-17.84875
116.179	-17.8792	116.3062	-18.12273
116.2601	-17.97052	116.3874	-18.40684
116.3412	-17.97052	116.4685	-18.10243
116.4224	-17.90964	116.5496	-18.21405
116.5035	-17.88934	116.6308	-17.92993
116.5846	-17.75743	116.7119	-18.011110000000002
116.6658	-17.798019999999998	116.793	-17.72699
116.7469	-17.58493	116.8742	-17.940080000000002
116.828	-17.838610000000003	116.9553	-17.98067
116.9092	-17.858900000000002	117.0364	-18.08214
116.9903	-17.84875	117.1176	-18.0314
117.0714	-17.625519999999998	117.1987	-17.858900000000002
117.1526	-17.86905	117.2798	-17.92993
117.2337	-17.91978	117.3609	-17.74728
117.3148	-17.950229999999998	117.4421	-17.97052
117.396	-17.84875	117.5232	-18.11258
117.4771	-17.72699	117.6043	-17.76758
117.5582	-17.82846	117.6855	-17.8792
117.6393	-17.73714	117.7666	-17.92993
117.7205	-18.02125	117.8477	-18.15317
117.8016	-17.98067	117.9289	-18.13287
117.8827	-17.76758	118.01	-18.0314
117.9639	-18.011110000000002	118.0911	-18.2039
118.045	-17.858900000000002	118.1723	-18.10243
118.1261	-17.706690000000002	118.2534	-18.11258
118.2073	-17.72699	118.3345	-18.08214
118.2884	-17.686400000000003	118.4156	-17.92993
118.3695	-17.80817	118.4968	-17.86905
118.4507	-17.98067	118.5779	-17.90964
118.5318	-18.00096	118.659	-17.798019999999998
118.6129	-17.74728	118.7402	-17.99081
118.694	-17.66611	118.8213	-18.07199
118.7752	-17.98067	118.9024	-18.011110000000002
118.8563	-18.07199	118.9836	-17.86905
118.9374	-17.97052	119.0647	-17.99081
119.0186	-18.02125	119.1458	-18.46773
119.0997	-17.84875	119.227	-18.416990000000002
119.1808	-17.63567	119.3081	-18.274929999999998
119.262	-17.50375	119.3892	-17.798019999999998
119.3431	-17.71684	119.4704	-18.00096
119.4242	-17.92993	119.5515	-18.07199
119.5054	-17.91978	119.6326	-18.0314
119.5865	-18.06184	119.7137	-18.16331
119.6676	-17.99081	119.7949	-17.90964
119.7487	-17.75743	119.876	-17.798019999999998
119.8299	-17.82846	119.9571	-18.11258
119.911	-17.798019999999998	120.0383	-18.011110000000002
119.9921	-17.940080000000002	120.1194	-17.89949
120.0733	-18.11258	120.2005	-17.92993
120.1544	-18.21405	120.2817	-18.07199
120.2355	-18.12273	120.3628	-17.91978
120.3167	-17.88934	120.4439	-18.02125
120.3978	-18.11258	120.5251	-18.08214
120.4789	-17.89949	120.6062	-17.92993
120.5601	-17.66611	120.6873	-17.8792
120.6412	-17.91978	120.7684	-18.02125
120.7223	-17.73714	120.8496	-17.98067
120.8035	-17.73714	120.9307	-18.00096
120.8846	-18.02125	121.0118	-17.97052
120.9657	-17.99081	121.093	-17.81831
121.0468	-17.65596	121.1741	-17.78787
121.128	-17.706690000000002	121.2552	-18.02125
121.2091	-17.98067	121.3364	-17.75743
121.2902	-17.82846	121.4175	-17.91978
121.3714	-17.82846	121.4986	-17.75743
121.4525	-17.75743	121.5798	-18.00096
121.5336	-17.80817	121.6609	-17.74728
121.6148	-17.86905	121.742	-17.77772
121.6959	-17.74728	121.8232	-17.69655
121.777	-17.69655	121.9043	-18.17346
121.8582	-18.011110000000002	121.9854	-18.274929999999998
121.9393	-18.16331	122.0665	-18.23434
122.0204	-18.10243	122.1477	-18.3764
122.1015	-17.97052	122.2288	-18.13287
122.1827	-17.686400000000003	122.3099	-17.940080000000002
122.2638	-17.8792	122.3911	-18.08214
122.3449	-17.74728	122.4722	-18.32567
122.4261	-17.98067	122.5533	-18.12273
122.5072	-18.0314	122.6345	-17.72699
122.5883	-17.940080000000002	122.7156	-18.02125
122.6695	-17.858900000000002	122.7967	-18.092290000000002
122.7506	-17.74728	122.8779	-18.11258
122.8317	-17.74728	122.959	-18.07199
122.9129	-18.0517	123.0401	-17.97052
122.994	-18.26479	123.1212	-18.08214
123.0751	-17.90964	123.2024	-17.92993
123.1563	-17.706690000000002	123.2835	-18.011110000000002
123.2374	-17.80817	123.3646	-18.092290000000002
123.3185	-17.86905	123.4458	-18.15317
123.3996	-17.858900000000002	123.5269	-18.092290000000002
123.4808	-17.625519999999998	123.608	-17.92993
123.5619	-17.66611	123.6892	-17.97052
123.643	-18.0314	123.7703	-18.02125
123.7242	-17.89949	123.8514	-18.18361
123.8053	-17.80817	123.9326	-18.2242
123.8864	-17.838610000000003	124.0137	-18.08214
123.9676	-17.80817	124.0948	-17.91978
124.0487	-18.08214	124.1759	-18.08214
124.1298	-18.2242	124.2571	-17.90964
124.211	-17.98067	124.3382	-18.011110000000002
124.2921	-17.82846	124.4193	-18.2242
124.3732	-17.86905	124.5005	-18.21405
124.4543	-17.96037	124.5816	-18.06184
124.5355	-17.91978	124.6627	-17.99081
124.6166	-18.07199	124.7439	-17.89949
124.6977	-17.89949	124.825	-17.96037
124.7789	-17.858900000000002	124.9061	-17.90964
124.86	-17.686400000000003	124.9873	-17.84875
124.9411	-17.645809999999997	125.0684	-18.28508
125.0223	-17.706690000000002	125.1495	-18.29523
125.1034	-17.74728	125.2307	-17.91978
125.1845	-17.65596	125.3118	-17.950229999999998
125.2657	-17.73714	125.3929	-17.98067
125.3468	-17.88934	125.474	-17.88934
125.4279	-17.645809999999997	125.5552	-17.82846
125.509	-17.858900000000002	125.6363	-17.98067
125.5902	-17.92993	125.7174	-18.07199
125.6713	-17.84875	125.7986	-17.82846
125.7524	-17.89949	125.8797	-17.92993
125.8336	-17.81831	125.9608	-18.3967
125.9147	-17.59508	126.042	-18.07199
125.9958	-17.84875	126.1231	-17.91978
126.077	-18.0314	126.2042	-18.06184
126.1581	-17.81831	126.2854	-17.80817
126.2392	-18.14302	126.3665	-17.8792
126.3204	-17.98067	126.4476	-17.96037
126.4015	-17.45302	126.5287	-18.12273
126.4826	-17.57478	126.6099	-18.2039
126.5638	-17.73714	126.691	-18.00096
126.6449	-17.84875	126.7721	-18.092290000000002
126.726	-17.81831	126.8533	-18.00096
126.8071	-17.74728	126.9344	-17.65596
126.8883	-17.798019999999998	127.0155	-17.96037
126.9694	-17.80817	127.0967	-18.11258
127.0505	-17.88934	127.1778	-17.97052
127.1317	-17.78787	127.2589	-18.19376
127.2128	-17.77772	127.3401	-18.011110000000002
127.2939	-17.84875	127.4212	-17.858900000000002
127.3751	-17.940080000000002	127.5023	-18.14302
127.4562	-17.66611	127.5835	-18.0314
127.5373	-17.97052	127.6646	-17.96037
127.6185	-18.0517	127.7457	-18.18361
127.6996	-18.25464	127.8268	-18.14302
127.7807	-17.97052	127.908	-17.858900000000002
127.8618	-17.858900000000002	127.9891	-17.92993
127.943	-17.940080000000002	128.0702	-18.06184
128.0241	-17.97052	128.1514	-17.798019999999998
128.1052	-17.63567	128.2325	-17.91978
128.1864	-17.798019999999998	128.3136	-18.16331
128.2675	-18.0314	128.3948	-18.11258
128.3486	-17.92993	128.4759	-17.950229999999998
128.4298	-17.69655	128.557	-17.59508
128.5109	-17.706690000000002	128.6382	-17.78787
128.592	-17.65596	128.7193	-18.18361
128.6732	-17.78787	128.8004	-18.30537
128.7543	-17.89949	128.8815	-18.13287
128.8354	-17.96037	128.9627	-17.48346
128.9165	-17.63567	129.0438	-17.798019999999998
128.9977	-17.90964	129.1249	-18.40684
129.0788	-17.798019999999998	129.2061	-18.02125
129.1599	-17.74728	129.2872	-17.84875
129.2411	-17.78787	129.3683	-17.72699
129.3222	-17.98067	129.4495	-17.91978
129.4033	-17.88934	129.5306	-17.950229999999998
129.4845	-17.8792	129.6117	-17.72699
129.5656	-17.80817	129.6929	-17.66611
129.6467	-17.81831	129.774	-17.75743
129.7279	-17.940080000000002	129.8551	-18.0314
129.809	-17.84875	129.9362	-18.0314
129.8901	-17.82846	130.0174	-17.92993
129.9713	-17.72699	130.0985	-18.00096
130.0524	-17.89949	130.1796	-18.12273
130.1335	-17.78787	130.2608	-18.0517
130.2146	-17.69655	130.3419	-18.23434
130.2958	-17.88934	130.423	-18.45758
130.3769	-18.07199	130.5042	-18.0517
130.458	-17.940080000000002	130.5853	-17.92993
130.5392	-17.75743	130.6664	-18.08214
130.6203	-17.950229999999998	130.7476	-18.02125
130.7014	-17.940080000000002	130.8287	-17.99081
130.7826	-17.99081	130.9098	-17.88934
130.8637	-17.97052	130.991	-17.77772
130.9448	-17.91978	131.0721	-17.92993
131.026	-17.81831	131.1532	-17.90964
131.1071	-17.81831	131.2343	-18.10243
131.1882	-17.77772	131.3155	-17.81831
131.2693	-17.80817	131.3966	-17.625519999999998
131.3505	-18.011110000000002	131.4777	-17.940080000000002
131.4316	-17.92993	131.5589	-17.99081
131.5127	-17.89949	131.64	-17.84875
131.5939	-17.99081	131.7211	-18.11258
131.675	-18.092290000000002	131.8023	-18.2242
131.7561	-17.8792	131.8834	-18.2242
131.8373	-18.0517	131.9645	-18.06184
131.9184	-17.88934	132.0457	-17.940080000000002
131.9995	-18.011110000000002	132.1268	-17.88934
132.0807	-17.81831	132.2079	-18.04155
132.1618	-17.91978	132.289	-17.91978
132.2429	-17.858900000000002	132.3702	-17.76758
132.3241	-17.65596	132.4513	-18.092290000000002
132.4052	-17.59508	132.5324	-18.00096
132.4863	-17.60522	132.6136	-17.798019999999998
132.5674	-17.706690000000002	132.6947	-17.940080000000002
132.6486	-17.8792	132.7758	-18.12273
132.7297	-17.950229999999998	132.857	-18.17346
132.8108	-17.98067	132.9381	-17.90964
132.892	-17.858900000000002	133.0192	-17.88934
132.9731	-17.56464	133.1004	-18.06184
133.0542	-17.78787	133.1815	-17.950229999999998
133.1354	-17.88934	133.2626	-17.88934
133.2165	-17.96037	133.3438	-17.838610000000003
133.2976	-17.90964	133.4249	-18.0314
133.3788	-17.84875	133.506	-18.0314
133.4599	-17.858900000000002	133.5871	-17.92993
133.541	-17.75743	133.6683	-18.21405
133.6221	-17.86905	133.7494	-18.18361
133.7033	-17.91978	133.8305	-18.0314
133.7844	-17.858900000000002	133.9117	-17.88934
133.8655	-18.0314	133.9928	-17.96037
133.9467	-18.0314	134.0739	-17.92993
134.0278	-18.02125	134.1551	-17.858900000000002
134.1089	-17.74728	134.2362	-17.80817
134.1901	-17.67625	134.3173	-17.99081
134.2712	-17.88934	134.3985	-17.99081
134.3523	-17.77772	134.4796	-17.96037
134.4335	-17.950229999999998	134.5607	-17.72699
134.5146	-17.73714	134.6418	-18.00096
134.5957	-17.99081	134.723	-18.06184
134.6768	-18.07199	134.8041	-17.96037
134.758	-17.86905	134.8852	-18.18361
134.8391	-18.06184	134.9664	-17.75743
134.9202	-17.858900000000002	135.0475	-17.61537
135.0014	-17.90964	135.1286	-17.90964
135.0825	-17.940080000000002	135.2098	-17.940080000000002
135.1636	-17.89949	135.2909	-17.90964
135.2448	-17.65596	135.372	-17.66611
135.3259	-17.63567	135.4532	-18.011110000000002
135.407	-17.88934	135.5343	-17.97052
135.4882	-17.65596	135.6154	-17.92993
135.5693	-17.71684	135.6965	-17.81831
135.6504	-17.706690000000002	135.7777	-17.77772
135.7316	-17.838610000000003	135.8588	-17.55449
135.8127	-17.65596	135.9399	-18.04155
135.8938	-17.645809999999997	136.0211	-18.06184
135.9749	-17.77772	136.1022	-17.8792
136.0561	-17.950229999999998	136.1833	-17.89949
136.1372	-17.940080000000002	136.2645	-17.88934
136.2183	-18.04155	136.3456	-18.02125
136.2995	-17.59508	136.4267	-17.91978
136.3806	-17.61537	136.5079	-17.99081
136.4617	-17.81831	136.589	-18.24449
136.5429	-17.90964	136.6701	-18.14302
136.624	-17.71684	136.7513	-17.58493
136.7051	-17.69655	136.8324	-17.81831
136.7863	-17.82846	136.9135	-17.99081
136.8674	-17.97052	136.9946	-17.96037
136.9485	-17.97052	137.0758	-17.67625
137.0296	-17.69655	137.1569	-17.686400000000003
137.1108	-17.73714	137.238	-17.858900000000002
137.1919	-17.686400000000003	137.3192	-17.86905
137.273	-17.80817	137.4003	-17.86905
137.3542	-17.625519999999998	137.4814	-18.11258
137.4353	-17.60522	137.5626	-18.14302
137.5164	-17.75743	137.6437	-17.96037
137.5976	-17.88934	137.7248	-17.686400000000003
137.6787	-17.67625	137.806	-17.78787
137.7598	-17.625519999999998	137.8871	-17.86905
137.841	-17.71684	137.9682	-17.82846
137.9221	-18.07199	138.0493	-18.36626
138.0032	-17.90964	138.1305	-18.12273
138.0844	-17.82846	138.2116	-17.950229999999998
138.1655	-18.13287	138.2927	-17.92993
138.2466	-18.2039	138.3739	-18.04155
138.3277	-17.69655	138.455	-18.0314
138.4089	-17.73714	138.5361	-17.96037
138.49	-17.81831	138.6173	-17.75743
138.5711	-17.49361	138.6984	-18.06184
138.6523	-17.54434	138.7795	-17.940080000000002
138.7334	-17.69655	138.8607	-17.80817
138.8145	-17.88934	138.9418	-17.73714
138.8957	-17.86905	139.0229	-18.00096
138.9768	-17.645809999999997	139.104	-18.0517
139.0579	-17.74728	139.1852	-18.21405
139.1391	-17.96037	139.2663	-17.99081
139.2202	-17.82846	139.3474	-17.82846
139.3013	-17.89949	139.4286	-17.97052
139.3824	-17.8792	139.5097	-17.97052
139.4636	-17.686400000000003	139.5908	-18.092290000000002
139.5447	-18.07199	139.672	-17.96037
139.6258	-17.92993	139.7531	-17.86905
139.707	-17.534190000000002	139.8342	-17.74728
139.7881	-17.645809999999997	139.9154	-17.838610000000003
139.8692	-17.73714	139.9965	-17.90964
139.9504	-17.77772	140.0776	-18.00096
140.0315	-17.940080000000002	140.1588	-17.82846
140.1126	-17.88934	140.2399	-17.61537
140.1938	-17.91978	140.321	-17.66611
140.2749	-17.98067	140.4021	-17.798019999999998
140.356	-17.72699	140.4833	-17.89949
140.4371	-17.8792	140.5644	-17.950229999999998
140.5183	-17.86905	140.6455	-18.011110000000002
140.5994	-17.798019999999998	140.7267	-17.81831
140.6805	-18.15317	140.8078	-17.92993
140.7617	-17.97052	140.8889	-17.76758
140.8428	-17.61537	140.9701	-17.91978
140.9239	-17.63567	141.0512	-18.0314
141.0051	-17.66611	141.1323	-18.02125
141.0862	-17.43272	141.2135	-17.940080000000002
141.1673	-17.82846	141.2946	-18.10243
141.2485	-17.97052	141.3757	-18.2242
141.3296	-17.81831	141.4568	-17.76758
141.4107	-17.838610000000003	141.538	-17.89949
141.4919	-17.49361	141.6191	-18.26479
141.573	-17.534190000000002	141.7002	-18.11258
141.6541	-17.67625	141.7814	-17.858900000000002
141.7352	-17.838610000000003	141.8625	-17.71684
141.8164	-17.686400000000003	141.9436	-17.92993
141.8975	-17.77772	142.0248	-17.90964
141.9786	-17.61537	142.1059	-17.84875
142.0598	-17.63567	142.187	-17.84875
142.1409	-17.86905	142.2682	-17.84875
142.222	-17.92993	142.3493	-17.78787
142.3032	-17.67625	142.4304	-17.75743
142.3843	-17.858900000000002	142.5116	-17.90964
142.4654	-17.99081	142.5927	-17.858900000000002
142.5466	-17.645809999999997	142.6738	-17.97052
142.6277	-17.36169	142.7549	-18.011110000000002
142.7088	-17.82846	142.8361	-18.0517
142.7899	-17.858900000000002	142.9172	-18.04155
142.8711	-17.645809999999997	142.9983	-17.97052
142.9522	-17.65596	143.0795	-18.11258
143.0333	-17.75743	143.1606	-18.07199
143.1145	-18.00096	143.2417	-18.07199
143.1956	-17.77772	143.3229	-17.838610000000003
143.2767	-17.838610000000003	143.404	-17.66611
143.3579	-17.56464	143.4851	-18.0517
143.439	-17.80817	143.5663	-18.0517
143.5201	-17.96037	143.6474	-17.645809999999997
143.6013	-17.84875	143.7285	-17.686400000000003
143.6824	-17.89949	143.8096	-18.12273
143.7635	-17.75743	143.8908	-18.17346
143.8447	-17.59508	143.9719	-17.86905
143.9258	-17.8792	144.053	-17.67625
144.0069	-17.99081	144.1342	-18.07199
144.088	-17.86905	144.2153	-17.940080000000002
144.1692	-17.54434	144.2964	-17.96037
144.2503	-17.645809999999997	144.3776	-18.19376
144.3314	-17.534190000000002	144.4587	-17.98067
144.4126	-17.59508	144.5398	-17.92993
144.4937	-17.8792	144.621	-18.19376
144.5748	-17.81831	144.7021	-17.77772
144.656	-17.48346	144.7832	-17.86905
144.7371	-17.838610000000003	144.8643	-17.60522
144.8182	-18.06184	144.9455	-17.86905
144.89940000000001	-17.91978	145.0266	-18.2242
144.9805	-17.706690000000002	145.1077	-18.12273
145.0616	-17.59508	145.1889	-17.86905
145.1427	-17.8792	145.27	-17.838610000000003
145.2239	-17.81831	145.3511	-17.92993
145.305	-17.75743	145.4323	-17.88934
145.3861	-17.77772	145.5134	-17.75743
145.4673	-17.57478	145.5945	-17.88934
145.5484	-17.56464	145.6757	-17.99081
145.6295	-17.84875	145.7568	-17.99081
145.7107	-17.99081	145.8379	-17.97052
145.7918	-17.798019999999998	145.9191	-17.950229999999998
145.8729	-17.76758	146.0002	-17.858900000000002
145.9541	-17.78787	146.0813	-17.54434
146.0352	-17.65596	146.1624	-17.473309999999998
146.1163	-17.59508	146.2436	-17.58493
146.1974	-17.65596	146.3247	-17.65596
146.2786	-17.76758	146.4058	-17.61537
146.3597	-17.88934	146.487	-18.13287
146.4408	-17.78787	146.5681	-18.00096
146.522	-17.686400000000003	146.6492	-17.71684
146.6031	-17.686400000000003	146.7304	-17.645809999999997
146.6842	-17.58493	146.8115	-17.77772
146.7654	-17.82846	146.8926	-17.92993
146.8465	-18.00096	146.9738	-17.72699
146.9276	-17.686400000000003	147.0549	-17.84875
147.0088	-17.59508	147.136	-17.81831
147.0899	-17.90964	147.2171	-18.011110000000002
147.171	-18.011110000000002	147.2983	-18.0517
147.2522	-17.72699	147.3794	-17.88934
147.3333	-17.69655	147.4605	-17.8792
147.4144	-17.66611	147.5417	-18.14302
147.4955	-17.59508	147.6228	-18.08214
147.5767	-17.66611	147.7039	-18.02125
147.6578	-17.645809999999997	147.7851	-17.686400000000003
147.7389	-17.74728	147.8662	-17.84875
147.8201	-17.69655	147.9473	-17.99081
147.9012	-17.534190000000002	148.0285	-17.798019999999998
147.9823	-18.00096	148.1096	-17.69655
148.0635	-17.92993	148.1907	-17.77772
148.1446	-17.686400000000003	148.2719	-18.0314
148.2257	-17.798019999999998	148.353	-17.940080000000002
148.3069	-17.92993	148.4341	-17.66611
148.388	-17.838610000000003	148.5152	-17.65596
148.4691	-18.10243	148.5964	-17.80817
148.5502	-17.86905	148.6775	-17.798019999999998
148.6314	-17.534190000000002	148.7586	-17.645809999999997
148.7125	-17.625519999999998	148.8398	-17.80817
148.7936	-17.99081	148.9209	-17.78787
148.8748	-18.00096	149.002	-17.72699
148.9559	-17.72699	149.0832	-17.858900000000002
149.037	-17.55449	149.1643	-18.0517
149.1182	-17.58493	149.2454	-17.86905
149.1993	-17.798019999999998	149.3266	-17.98067
149.2804	-17.59508	149.4077	-17.88934
149.3616	-17.44287	149.4888	-17.88934
149.4427	-17.73714	149.5699	-17.67625
149.5238	-17.80817	149.6511	-17.73714
149.6049	-17.76758	149.7322	-17.940080000000002
149.6861	-17.858900000000002	149.8133	-17.91978
149.7672	-17.90964	149.8945	-17.73714
149.8483	-17.8792	149.9756	-17.81831
149.9295	-17.706690000000002	150.0567	-17.91978
150.0106	-17.473309999999998	150.1379	-18.0314
150.0917	-17.473309999999998	150.219	-17.96037
150.1729	-17.473309999999998	150.3001	-17.65596
150.254	-17.74728	150.3813	-17.73714
150.3351	-17.76758	150.4624	-17.71684
150.4163	-17.77772	150.5435	-17.950229999999998
150.4974	-17.798019999999998	150.6246	-17.75743
150.5785	-17.66611	150.7058	-17.645809999999997
150.6597	-17.74728	150.7869	-17.940080000000002
150.7408	-17.71684	150.868	-18.04155
150.8219	-17.55449	150.9492	-17.81831
150.903	-17.66611	151.0303	-17.89949
150.9842	-17.80817	151.1114	-17.89949
151.0653	-17.81831	151.1926	-17.706690000000002
151.1464	-18.02125	151.2737	-18.0314
151.2276	-17.89949	151.3548	-17.940080000000002
151.3087	-17.41243	151.436	-17.88934
151.3898	-17.61537	151.5171	-17.84875
151.471	-17.76758	151.5982	-17.88934
151.5521	-17.686400000000003	151.6794	-17.98067
151.6332	-17.78787	151.7605	-18.00096
151.7144	-17.82846	151.8416	-17.8792
151.7955	-17.80817	151.9227	-17.97052
151.8766	-17.686400000000003	152.0039	-17.96037
151.9577	-18.02125	152.085	-17.76758
152.0389	-17.86905	152.1661	-17.76758
152.12	-17.76758	152.2473	-17.91978
152.2011	-17.71684	152.3284	-17.72699
152.2823	-17.54434	152.4095	-17.76758
152.3634	-17.686400000000003	152.4907	-17.80817
152.4445	-17.67625	152.5718	-17.88934
152.5257	-17.72699	152.6529	-18.07199
152.6068	-17.84875	152.7341	-17.940080000000002
152.6879	-17.76758	152.8152	-17.77772
152.7691	-17.78787	152.8963	-17.91978
152.8502	-17.82846	152.9774	-17.98067
152.9313	-17.950229999999998	153.0586	-18.13287
153.0125	-17.69655	153.1397	-18.15317
153.0936	-17.89949	153.2208	-18.00096
153.1747	-17.90964	153.302	-17.97052
153.2558	-17.78787	153.3831	-17.798019999999998
153.337	-17.473309999999998	153.4642	-17.76758
153.4181	-17.61537	153.5454	-17.940080000000002
153.4992	-17.90964	153.6265	-17.82846
153.5804	-17.82846	153.7076	-17.73714
153.6615	-17.81831	153.7888	-17.69655
153.7426	-17.5139	153.8699	-17.940080000000002
153.8238	-17.60522	153.951	-17.74728
153.9049	-17.686400000000003	154.0322	-17.81831
153.986	-17.858900000000002	154.1133	-18.092290000000002
154.0672	-18.011110000000002	154.1944	-17.96037
154.1483	-17.92993	154.2755	-17.858900000000002
154.2294	-17.78787	154.3567	-18.02125
154.3105	-17.67625	154.4378	-17.798019999999998
154.3917	-17.73714	154.5189	-17.66611
154.4728	-17.858900000000002	154.6001	-17.63567
154.5539	-17.84875	154.6812	-17.73714
154.6351	-17.55449	154.7623	-18.12273
154.7162	-17.645809999999997	154.8435	-17.98067
154.7973	-18.02125	154.9246	-17.71684
154.8785	-18.0517	155.0057	-17.82846
154.9596	-18.011110000000002	155.08690000000001	-17.76758
155.0407	-17.66611	155.168	-18.13287
155.1219	-17.76758	155.2491	-18.08214
155.203	-17.72699	155.3302	-18.2039
155.2841	-17.645809999999997	155.4114	-18.00096
155.3652	-17.686400000000003	155.4925	-17.73714
155.4464	-17.75743	155.5736	-17.72699
155.5275	-17.686400000000003	155.6548	-18.04155
155.6086	-17.80817	155.7359	-17.81831
155.6898	-17.78787	155.817	-17.8792
155.7709	-17.858900000000002	155.8982	-17.99081
155.852	-18.0517	155.9793	-18.11258
155.9332	-17.858900000000002	156.0604	-18.11258
156.0143	-17.686400000000003	156.1416	-17.92993
156.0954	-17.950229999999998	156.2227	-17.88934
156.1766	-18.10243	156.3038	-17.77772
156.2577	-17.940080000000002	156.3849	-17.858900000000002
156.3388	-17.82846	156.4661	-17.81831
156.42	-17.89949	156.5472	-17.858900000000002
156.5011	-17.69655	156.6283	-17.84875
156.5822	-17.58493	156.7095	-17.76758
156.6633	-17.61537	156.7906	-17.97052
156.7445	-17.57478	156.8717	-17.86905
156.8256	-17.72699	156.9529	-17.84875
156.9067	-17.75743	157.034	-18.04155
156.9879	-17.45302	157.1151	-18.13287
157.069	-17.65596	157.1963	-17.88934
157.1501	-17.625519999999998	157.2774	-17.65596
157.2313	-17.52405	157.3585	-17.686400000000003
157.3124	-17.43272	157.4397	-17.65596
157.3935	-18.10243	157.5208	-17.76758
157.4747	-18.14302	157.6019	-17.56464
157.5558	-17.798019999999998	157.683	-17.686400000000003
157.6369	-17.82846	157.7642	-17.798019999999998
157.718	-17.82846	157.8453	-17.58493
157.7992	-17.838610000000003	157.9264	-17.78787
157.8803	-17.63567	158.0076	-18.21405
157.9614	-17.59508	158.0887	-18.06184
158.0426	-17.76758	158.1698	-17.838610000000003
158.1237	-17.686400000000003	158.251	-17.61537
158.2048	-17.473309999999998	158.3321	-17.48346
158.286	-17.72699	158.4132	-17.77772
158.3671	-17.77772	158.4944	-17.82846
158.4482	-17.63567	158.5755	-17.92993
158.5294	-17.63567	158.6566	-17.99081
158.6105	-17.73714	158.7377	-17.82846
158.6916	-17.92993	158.8189	-17.798019999999998
158.7728	-17.71684	158.9	-17.91978
158.8539	-17.52405	158.9811	-17.98067
158.935	-17.686400000000003	159.0623	-17.86905
159.0161	-17.67625	159.1434	-18.092290000000002
159.0973	-17.67625	159.2245	-18.011110000000002
159.1784	-17.60522	159.3057	-17.8792
159.2595	-17.42258	159.3868	-17.65596
159.3407	-17.43272	159.4679	-17.84875
159.4218	-17.54434	159.5491	-17.80817
159.5029	-17.66611	159.6302	-17.950229999999998
159.5841	-17.71684	159.7113	-17.940080000000002
159.6652	-17.66611	159.7924	-17.90964
159.7463	-17.534190000000002	159.8736	-18.18361
159.8275	-17.80817	159.9547	-17.8792
159.9086	-17.77772	160.0358	-17.96037
159.9897	-17.60522	160.117	-18.04155
160.0708	-17.73714	160.1981	-17.82846
160.152	-17.645809999999997	160.2792	-17.645809999999997
160.2331	-17.58493	160.3604	-17.86905
160.3142	-17.73714	160.4415	-17.89949
160.3954	-17.42258	160.5226	-17.81831
160.4765	-17.44287	160.6038	-17.858900000000002
160.5576	-17.74728	160.6849	-18.011110000000002
160.6388	-17.838610000000003	160.766	-17.84875
160.7199	-17.625519999999998	160.8472	-17.98067
160.801	-17.57478	160.9283	-17.96037
160.8822	-17.534190000000002	161.0094	-17.81831
160.9633	-17.61537	161.0905	-17.798019999999998
161.0444	-17.61537	161.1717	-17.69655
161.1255	-17.59508	161.2528	-17.76758
161.2067	-17.838610000000003	161.3339	-17.96037
161.2878	-17.63567	161.4151	-18.0517
161.3689	-17.69655	161.4962	-17.8792
161.4501	-17.59508	161.5773	-17.80817
161.5312	-17.392139999999998	161.6585	-17.77772
161.6123	-17.534190000000002	161.7396	-18.011110000000002
161.6935	-17.69655	161.8207	-17.99081
161.7746	-18.00096	161.9019	-17.55449
161.8557	-18.02125	161.983	-17.686400000000003
161.9369	-17.88934	162.0641	-17.77772
162.018	-17.5139	162.1452	-17.88934
162.0991	-17.59508	162.2264	-17.92993
162.1803	-17.76758	162.3075	-18.011110000000002
162.2614	-17.59508	162.3886	-17.65596
162.3425	-17.69655	162.4698	-17.67625
162.4236	-17.858900000000002	162.5509	-18.23434
162.5048	-17.80817	162.632	-17.96037
162.5859	-17.78787	162.7132	-17.8792
162.667	-17.58493	162.7943	-17.78787
162.7482	-17.706690000000002	162.8754	-17.61537
162.8293	-18.06184	162.9566	-17.686400000000003
162.9104	-17.78787	163.0377	-17.838610000000003
162.9916	-17.77772	163.1188	-17.75743
163.0727	-17.950229999999998	163.2	-17.534190000000002
163.1538	-17.43272	163.2811	-17.75743
163.235	-17.91978	163.3622	-17.84875
163.3161	-18.0314	163.4433	-18.08214
163.3972	-17.72699	163.5245	-17.8792
163.4783	-17.80817	163.6056	-17.940080000000002
163.5595	-18.14302	163.6867	-17.950229999999998
163.6406	-17.71684	163.7679	-18.02125
163.7217	-17.58493	163.849	-18.00096
163.8029	-17.71684	163.9301	-17.706690000000002
163.884	-17.645809999999997	164.0113	-17.56464
163.9651	-17.798019999999998	164.0924	-17.75743
164.0463	-17.534190000000002	164.1735	-17.838610000000003
164.1274	-17.65596	164.2547	-17.89949
164.2085	-17.63567	164.3358	-17.858900000000002
164.2897	-17.73714	164.4169	-17.89949
164.3708	-17.78787	164.498	-17.8792
164.4519	-17.59508	164.5792	-18.011110000000002
164.5331	-17.55449	164.6603	-17.858900000000002
164.6142	-17.65596	164.7414	-17.71684
164.6953	-17.69655	164.8226	-17.645809999999997
164.7764	-17.82846	164.9037	-17.60522
164.8576	-17.798019999999998	164.9848	-18.02125
164.9387	-17.35155	165.066	-17.84875
165.0198	-17.50375	165.1471	-17.96037
165.101	-17.84875	165.2282	-17.69655
165.1821	-17.686400000000003	165.3094	-17.86905
165.2632	-17.74728	165.3905	-18.0314
165.3444	-17.60522	165.4716	-17.81831
165.4255	-17.89949	165.5527	-17.65596
165.5066	-17.74728	165.6339	-17.59508
165.5878	-17.56464	165.715	-17.645809999999997
165.6689	-17.57478	165.7961	-17.58493
165.75	-17.78787	165.8773	-17.75743
165.8311	-17.73714	165.9584	-17.99081
165.9123	-17.65596	166.0395	-17.52405
165.9934	-17.5139	166.1207	-18.00096
166.0745	-17.49361	166.2018	-18.06184
166.1557	-17.60522	166.2829	-17.69655
166.2368	-17.73714	166.3641	-17.67625
166.3179	-17.78787	166.4452	-17.66611
166.3991	-17.77772	166.5263	-17.534190000000002
166.4802	-17.65596	166.6075	-17.73714
166.5613	-17.75743	166.6886	-17.838610000000003
166.6425	-17.80817	166.7697	-17.67625
166.7236	-17.71684	166.8508	-17.80817
166.8047	-17.45302	166.932	-17.645809999999997
166.8858	-17.43272	167.0131	-17.99081
166.967	-17.67625	167.0942	-17.8792
167.0481	-17.858900000000002	167.1754	-17.686400000000003
167.1292	-17.81831	167.2565	-17.706690000000002
167.2104	-17.625519999999998	167.3376	-17.686400000000003
167.2915	-17.84875	167.4188	-17.81831
167.3726	-17.798019999999998	167.4999	-17.950229999999998
167.4538	-17.74728	167.581	-17.75743
167.5349	-17.80817	167.6622	-17.49361
167.616	-17.57478	167.7433	-17.534190000000002
167.6972	-17.54434	167.8244	-17.838610000000003
167.7783	-17.69655	167.9055	-17.78787
167.8594	-17.76758	167.9867	-17.82846
167.9406	-17.75743	168.0678	-18.092290000000002
168.0217	-17.55449	168.1489	-17.96037
168.1028	-17.534190000000002	168.2301	-17.60522
168.1839	-17.625519999999998	168.3112	-17.57478
168.2651	-17.78787	168.3923	-17.858900000000002
168.3462	-17.78787	168.4735	-17.91978
168.4273	-17.80817	168.5546	-17.686400000000003
168.5085	-17.69655	168.6357	-17.798019999999998
168.5896	-17.798019999999998	168.7169	-17.99081
168.6707	-17.59508	168.798	-18.011110000000002
168.7519	-17.5139	168.8791	-17.88934
168.833	-17.75743	168.9603	-17.74728
168.9141	-17.940080000000002	169.0414	-17.86905
168.9953	-17.71684	169.1225	-18.00096
169.0764	-17.59508	169.2036	-17.88934
169.1575	-17.798019999999998	169.2848	-17.76758
169.2386	-17.81831	169.3659	-17.81831
169.3198	-17.72699	169.447	-17.706690000000002
169.4009	-17.84875	169.5282	-17.71684
169.482	-17.72699	169.6093	-17.65596
169.5632	-17.625519999999998	169.6904	-17.80817
169.6443	-17.96037	169.7716	-18.08214
169.7254	-17.89949	169.8527	-17.84875
169.8066	-17.74728	169.9338	-17.97052
169.8877	-17.686400000000003	170.015	-17.90964
169.9688	-17.88934	170.0961	-17.77772
170.05	-17.82846	170.1772	-17.838610000000003
170.1311	-17.65596	170.2583	-17.75743
170.2122	-17.74728	170.3395	-17.69655
170.2934	-17.67625	170.4206	-17.74728
170.3745	-17.76758	170.5017	-17.88934
170.4556	-17.60522	170.5829	-17.76758
170.5367	-17.49361	170.664	-17.77772
170.6179	-17.90964	170.7451	-18.02125
170.699	-17.84875	170.8263	-18.16331
170.7801	-17.69655	170.9074	-17.88934
170.8613	-17.56464	170.9885	-17.71684
170.9424	-17.534190000000002	171.0697	-18.00096
171.0235	-17.58493	171.1508	-17.82846
171.1047	-17.90964	171.2319	-17.473309999999998
171.1858	-17.706690000000002	171.313	-17.473309999999998
171.2669	-17.90964	171.3942	-17.706690000000002
171.3481	-17.645809999999997	171.4753	-17.858900000000002
171.4292	-17.59508	171.5564	-17.63567
171.5103	-17.48346	171.6376	-17.90964
171.5914	-17.65596	171.7187	-17.8792
171.6726	-17.90964	171.7998	-17.645809999999997
171.7537	-17.59508	171.881	-17.84875
171.8348	-17.52405	171.9621	-18.07199
171.916	-17.798019999999998	172.0432	-18.0314
171.9971	-17.98067	172.1244	-17.858900000000002
172.0782	-17.686400000000003	172.2055	-17.645809999999997
172.1594	-17.72699	172.2866	-17.625519999999998
172.2405	-17.838610000000003	172.3678	-17.76758
172.3216	-17.74728	172.4489	-17.89949
172.4028	-17.54434	172.53	-17.686400000000003
172.4839	-17.59508	172.6111	-17.65596
172.565	-17.838610000000003	172.6923	-17.82846
172.6461	-17.66611	172.7734	-17.88934
172.7273	-17.61537	172.8545	-17.72699
172.8084	-17.838610000000003	172.9357	-17.645809999999997
172.8895	-17.92993	173.0168	-17.71684
172.9707	-17.8792	173.0979	-17.86905
173.0518	-17.54434	173.1791	-17.858900000000002
173.1329	-17.55449	173.2602	-17.90964
173.2141	-17.81831	173.3413	-17.91978
173.2952	-17.686400000000003	173.4225	-17.77772
173.3763	-17.60522	173.5036	-17.55449
173.4575	-17.55449	173.5847	-18.04155
173.5386	-17.858900000000002	173.6658	-17.97052
173.6197	-17.66611	173.747	-17.838610000000003
173.7009	-17.58493	173.8281	-17.625519999999998
173.782	-17.81831	173.9092	-17.55449
173.8631	-17.534190000000002	173.9904	-17.686400000000003
173.9442	-17.838610000000003	174.0715	-17.59508
174.0254	-17.59508	174.1526	-17.838610000000003
174.1065	-17.80817	174.2338	-17.798019999999998
174.1876	-18.04155	174.3149	-17.89949
174.2688	-17.534190000000002	174.396	-17.91978
174.3499	-17.63567	174.4772	-17.82846
174.431	-17.67625	174.5583	-17.78787
174.5122	-17.67625	174.6394	-17.8792
174.5933	-17.58493	174.7206	-17.91978
174.6744	-17.57478	174.8017	-17.74728
174.7556	-17.63567	174.8828	-17.69655
174.8367	-17.61537	174.9639	-17.950229999999998
174.9178	-17.84875	175.0451	-17.73714
174.9989	-17.8792	175.1262	-17.78787
175.0801	-17.58493	175.2073	-17.91978
175.1612	-17.463160000000002	175.2885	-17.82846
175.2423	-17.65596	175.3696	-17.89949
175.3235	-17.838610000000003	175.4507	-17.950229999999998
175.4046	-17.61537	175.5319	-18.08214
175.4857	-17.74728	175.613	-17.77772
175.5669	-17.65596	175.6941	-17.59508
175.648	-17.858900000000002	175.7753	-17.65596
175.7291	-18.04155	175.8564	-17.8792
175.8103	-17.75743	175.9375	-17.858900000000002
175.8914	-17.54434	176.0186	-17.86905
175.9725	-17.57478	176.0998	-17.838610000000003
176.0536	-17.57478	176.1809	-17.8792
176.1348	-17.59508	176.262	-17.78787
176.2159	-17.55449	176.3432	-17.72699
176.297	-17.86905	176.4243	-17.74728
176.3782	-18.011110000000002	176.5054	-17.82846
176.4593	-17.55449	176.5866	-17.76758
176.5404	-17.645809999999997	176.6677	-17.74728
176.6216	-17.82846	176.7488	-17.88934
176.7027	-17.81831	176.83	-17.59508
176.7838	-17.73714	176.9111	-17.858900000000002
176.865	-17.686400000000003	176.9922	-17.78787
176.9461	-17.8792	177.0733	-17.706690000000002
177.0272	-17.69655	177.1545	-17.80817
177.1084	-17.72699	177.2356	-17.838610000000003
177.1895	-17.686400000000003	177.3167	-17.73714
177.2706	-17.838610000000003	177.3979	-17.92993
177.3517	-17.686400000000003	177.479	-17.71684
177.4329	-17.55449	177.5601	-17.950229999999998
177.514	-17.41243	177.6413	-17.950229999999998
177.5951	-17.66611	177.7224	-17.706690000000002
177.6763	-17.84875	177.8035	-17.65596
177.7574	-17.706690000000002	177.8847	-17.625519999999998
177.8385	-17.8792	177.9658	-17.71684
177.9197	-17.72699	178.0469	-17.96037
178.0008	-17.73714	178.1281	-17.798019999999998
178.0819	-17.76758	178.2092	-17.88934
178.1631	-17.67625	178.2903	-17.858900000000002
178.2442	-17.71684	178.3714	-17.86905
178.3253	-17.67625	178.4526	-17.66611
178.4064	-17.74728	178.5337	-17.60522
178.4876	-17.8792	178.6148	-17.838610000000003
178.5687	-17.73714	178.696	-17.84875
178.6498	-17.52405	178.7771	-17.838610000000003
178.731	-17.65596	178.8582	-17.91978
178.8121	-17.86905	178.9394	-17.84875
178.8932	-17.80817	179.0205	-17.58493
178.9744	-17.73714	179.1016	-17.89949
179.0555	-17.65596	179.1828	-18.02125
179.1366	-17.66611	179.2639	-17.86905
179.2178	-17.91978	179.345	-18.0314
179.2989	-17.77772	179.4261	-17.940080000000002
179.38	-17.69655	179.5073	-17.89949
179.4612	-17.74728	179.5884	-17.66611
179.5423	-17.65596	179.6695	-17.58493
179.6234	-17.69655	179.7507	-17.77772
179.7045	-17.65596	179.8318	-17.59508
179.7857	-17.645809999999997	179.9129	-18.08214
179.8668	-17.55449	179.9941	-17.98067
179.9479	-17.56464	180.0752	-17.59508
180.0291	-17.80817	180.1563	-17.80817
180.1102	-17.645809999999997	180.2375	-17.84875
180.1913	-17.8792	180.3186	-17.92993
180.2725	-17.645809999999997	180.3997	-17.8792
180.3536	-17.49361	180.4809	-17.37184
180.4347	-17.59508	180.562	-17.25008
180.5159	-17.49361	180.6431	-17.473309999999998
180.597	-17.37184	180.7242	-17.92993
180.6781	-17.49361	180.8054	-18.04155
180.7592	-17.37184	180.8865	-17.86905
180.8404	-17.5139	180.9676	-17.92993
180.9215	-17.76758	181.0488	-17.838610000000003
181.0026	-17.78787	181.1299	-17.89949
181.0838	-17.625519999999998	181.211	-17.84875
181.1649	-17.65596	181.2922	-18.02125
181.246	-18.00096	181.3733	-17.72699
181.3272	-17.71684	181.4544	-17.81831
181.4083	-17.41243	181.5356	-17.66611
181.4894	-17.80817	181.6167	-17.75743
181.5706	-17.463160000000002	181.6978	-17.52405
181.6517	-17.392139999999998	181.7789	-17.473309999999998
181.7328	-17.5139	181.8601	-17.8792
181.8139	-17.82846	181.9412	-17.91978
181.8951	-17.52405	182.0223	-17.89949
181.9762	-17.50375	182.1035	-17.96037
182.0573	-17.61537	182.1846	-17.78787
182.1385	-17.72699	182.2657	-17.73714
182.2196	-17.706690000000002	182.3469	-18.0314
182.3007	-17.73714	182.428	-17.73714
182.3819	-17.48346	182.5091	-17.42258
182.463	-17.36169	182.5903	-17.48346
182.5441	-17.59508	182.6714	-17.950229999999998
182.6253	-17.88934	182.7525	-18.12273
182.7064	-17.92993	182.8336	-17.54434
182.7875	-17.838610000000003	182.9148	-17.58493
182.8687	-18.0517	182.9959	-17.91978
182.9498	-17.838610000000003	183.077	-17.86905
183.0309	-18.0517	183.1582	-18.02125
183.112	-17.65596	183.2393	-17.75743
183.1932	-17.42258	183.3204	-17.78787
183.2743	-17.67625	183.4016	-17.82846
183.3554	-17.645809999999997	183.4827	-17.706690000000002
183.4366	-17.69655	183.5638	-17.33125
183.5177	-17.54434	183.645	-17.52405
183.5988	-17.858900000000002	183.7261	-17.56464
183.68	-17.97052	183.8072	-17.91978
183.7611	-17.71684	183.8884	-17.858900000000002
183.8422	-17.61537	183.9695	-17.798019999999998
183.9234	-17.950229999999998	184.0506	-18.06184
184.0045	-17.90964	184.1317	-18.06184
184.0856	-17.645809999999997	184.2129	-17.89949
184.1667	-17.52405	184.294	-17.798019999999998
184.2479	-17.60522	184.3751	-17.71684
184.329	-17.5139	184.4563	-18.00096
184.4101	-17.534190000000002	184.5374	-17.950229999999998
184.4913	-17.80817	184.6185	-17.88934
184.5724	-17.645809999999997	184.6997	-17.838610000000003
184.6535	-17.28052	184.7808	-17.686400000000003
184.7347	-17.40228	184.8619	-17.706690000000002
184.8158	-18.04155	184.9431	-17.73714
184.8969	-17.96037	185.0242	-17.86905
184.9781	-17.50375	185.1053	-17.97052
185.0592	-17.37184	185.1864	-17.65596
185.1403	-17.88934	185.2676	-17.52405
185.2215	-17.88934	185.3487	-17.56464
185.3026	-17.71684	185.4298	-17.534190000000002
185.3837	-17.625519999999998	185.511	-17.534190000000002
185.4648	-17.57478	185.5921	-17.49361
185.546	-17.645809999999997	185.6732	-17.65596
185.6271	-17.858900000000002	185.7544	-17.76758
185.7082	-17.92993	185.8355	-17.66611
185.7894	-17.798019999999998	185.9166	-17.57478
185.8705	-17.60522	185.9978	-17.80817
185.9516	-17.73714	186.0789	-17.75743
186.0328	-17.88934	186.16	-17.92993
186.1139	-17.625519999999998	186.2411	-17.82846
186.195	-17.55449	186.3223	-17.82846
186.2762	-17.5139	186.4034	-17.98067
186.3573	-17.50375	186.4845	-17.8792
186.4384	-17.89949	186.5657	-17.78787
186.5195	-17.76758	186.6468	-17.950229999999998
186.6007	-17.5139	186.7279	-17.798019999999998
186.6818	-17.69655	186.8091	-17.706690000000002
186.7629	-17.80817	186.8902	-17.5139
186.8441	-17.73714	186.9713	-17.66611
186.9252	-17.798019999999998	187.0525	-17.838610000000003
187.0063	-17.89949	187.1336	-17.67625
187.0875	-17.48346	187.2147	-17.56464
187.1686	-17.463160000000002	187.2959	-17.798019999999998
187.2497	-17.706690000000002	187.377	-17.940080000000002
187.3309	-17.67625	187.4581	-17.950229999999998
187.412	-17.71684	187.5392	-17.77772
187.4931	-17.78787	187.6204	-17.69655
187.5742	-17.61537	187.7015	-17.37184
187.6554	-17.74728	187.7826	-17.72699
187.7365	-17.65596	187.8638	-17.940080000000002
187.8176	-17.49361	187.9449	-17.96037
187.8988	-17.76758	188.026	-17.74728
187.9799	-17.72699	188.1072	-17.76758
188.061	-17.463160000000002	188.1883	-17.8792
188.1422	-17.73714	188.2694	-17.59508
188.2233	-17.798019999999998	188.3506	-17.48346
188.3044	-17.858900000000002	188.4317	-17.90964
188.3856	-17.66611	188.5128	-17.89949
188.4667	-17.48346	188.5939	-17.81831
188.5478	-17.625519999999998	188.6751	-17.97052
188.629	-17.56464	188.7562	-17.88934
188.7101	-17.55449	188.8373	-17.80817
188.7912	-17.77772	188.9185	-17.89949
188.8723	-17.858900000000002	188.9996	-17.858900000000002
188.9535	-17.858900000000002	189.0807	-17.91978
189.0346	-17.74728	189.1619	-17.91978
189.1157	-17.838610000000003	189.243	-17.89949
189.1969	-17.89949	189.3241	-17.706690000000002
189.278	-17.645809999999997	189.4053	-17.75743
189.3591	-17.78787	189.4864	-17.706690000000002
189.4403	-17.77772	189.5675	-18.04155
189.5214	-17.686400000000003	189.6487	-17.98067
189.6025	-17.81831	189.7298	-17.645809999999997
189.6837	-17.80817	189.8109	-17.77772
189.7648	-17.838610000000003	189.892	-17.73714
189.8459	-17.86905	189.9732	-17.90964
189.927	-17.90964	190.0543	-18.04155
190.0082	-17.706690000000002	190.1354	-17.98067
190.0893	-17.67625	190.2166	-17.8792
190.1704	-17.63567	190.2977	-17.858900000000002
190.2516	-17.74728	190.3788	-17.73714
190.3327	-17.88934	190.46	-17.65596
190.4138	-17.99081	190.5411	-17.90964
190.495	-17.78787	190.6222	-17.858900000000002
190.5761	-17.858900000000002	190.7034	-17.71684
190.6572	-17.72699	190.7845	-18.14302
190.7384	-17.80817	190.8656	-18.29523
190.8195	-17.99081	190.9467	-17.88934
190.9006	-17.82846	191.0279	-17.56464
190.9818	-17.940080000000002	191.109	-17.645809999999997
191.0629	-18.0517	191.1901	-17.92993
191.144	-17.89949	191.2713	-17.88934
191.2251	-17.473309999999998	191.3524	-17.77772
191.3063	-17.76758	191.4335	-17.96037
191.3874	-17.706690000000002	191.5147	-18.12273
191.4685	-17.686400000000003	191.5958	-18.19376
191.5497	-17.54434	191.6769	-18.0517
191.6308	-17.59508	191.7581	-17.74728
191.71190000000001	-17.91978	191.8392	-17.72699
191.7931	-17.73714	191.9203	-17.645809999999997
191.8742	-17.645809999999997	192.0014	-17.77772
191.9553	-17.63567	192.0826	-17.686400000000003
192.0365	-17.645809999999997	192.1637	-17.71684
192.1176	-17.60522	192.2448	-17.75743
192.1987	-17.67625	192.326	-17.61537
192.2798	-17.56464	192.4071	-17.798019999999998
192.361	-17.54434	192.4882	-17.91978
192.4421	-17.91978	192.5694	-18.06184
192.5232	-17.84875	192.6505	-17.81831
192.6044	-17.57478	192.7316	-17.67625
192.6855	-17.8792	192.8128	-17.44287
192.7666	-17.96037	192.8939	-17.645809999999997
192.8478	-17.838610000000003	192.975	-17.78787
192.9289	-17.75743	193.0562	-17.71684
193.01	-17.77772	193.1373	-17.55449
193.0912	-17.49361	193.2184	-17.77772
193.1723	-17.50375	193.2995	-17.72699
193.2534	-17.8792	193.3807	-17.65596
193.3345	-17.940080000000002	193.4618	-17.90964
193.4157	-17.645809999999997	193.5429	-17.89949
193.4968	-17.686400000000003	193.6241	-17.69655
193.5779	-17.90964	193.7052	-17.81831
193.6591	-17.75743	193.7863	-17.91978
193.7402	-17.71684	193.8675	-17.88934
193.8213	-17.706690000000002	193.9486	-17.73714
193.9025	-17.625519999999998	194.0297	-17.76758
193.9836	-17.8792	194.1109	-17.77772
194.0647	-17.97052	194.192	-18.011110000000002
194.1459	-17.81831	194.2731	-17.81831
194.227	-17.61537	194.3542	-17.706690000000002
194.3081	-17.54434	194.4354	-17.72699
194.3893	-17.65596	194.5165	-17.706690000000002
194.4704	-17.75743	194.5976	-17.74728
194.5515	-17.686400000000003	194.6788	-17.89949
194.6326	-17.81831	194.7599	-17.66611
194.7138	-17.645809999999997	194.841	-17.96037
194.7949	-17.55449	194.9222	-18.02125
194.876	-17.71684	195.0033	-17.76758
194.9572	-17.78787	195.0844	-17.8792
195.0383	-17.97052	195.1656	-18.16331
195.1194	-17.90964	195.2467	-18.02125
195.2006	-17.69655	195.3278	-18.04155
195.2817	-17.74728	195.409	-17.950229999999998
195.3628	-17.71684	195.4901	-17.940080000000002
195.444	-17.66611	195.5712	-17.858900000000002
195.5251	-17.72699	195.6523	-17.86905
195.6062	-17.90964	195.7335	-18.092290000000002
195.6873	-17.72699	195.8146	-17.54434
195.7685	-17.838610000000003	195.8957	-17.54434
195.8496	-17.89949	195.9769	-17.99081
195.9307	-17.81831	196.058	-18.011110000000002
196.0119	-17.65596	196.1391	-17.89949
196.093	-17.67625	196.2203	-17.88934
196.1741	-17.73714	196.3014	-17.838610000000003
196.2553	-18.00096	196.3825	-17.71684
196.3364	-17.5139	196.4637	-17.71684
196.4175	-17.54434	196.5448	-17.55449
196.4987	-17.76758	196.6259	-17.72699
196.5798	-17.90964	196.707	-18.04155
196.6609	-17.858900000000002	196.7882	-17.82846
196.7421	-17.71684	196.8693	-17.71684
196.8232	-17.67625	196.9504	-17.69655
196.9043	-17.63567	197.0316	-17.798019999999998
196.9854	-17.60522	197.1127	-17.97052
197.0666	-17.82846	197.1938	-18.13287
197.1477	-17.59508	197.275	-18.04155
197.2288	-17.54434	197.3561	-17.76758
197.31	-17.82846	197.4372	-17.63567
197.3911	-17.69655	197.5184	-17.58493
197.4722	-17.77772	197.5995	-17.69655
197.5534	-17.74728	197.6806	-17.80817
197.6345	-17.42258	197.7617	-18.08214
197.7156	-17.69655	197.8429	-17.84875
197.7968	-17.89949	197.924	-17.77772
197.8779	-17.82846	198.0051	-17.706690000000002
197.959	-17.534190000000002	198.0863	-17.858900000000002
198.0401	-17.42258	198.1674	-17.74728
198.1213	-17.66611	198.2485	-17.63567
198.2024	-17.5139	198.3297	-17.88934
198.2835	-17.625519999999998	198.4108	-18.00096
198.3647	-17.69655	198.4919	-17.96037
198.4458	-17.66611	198.5731	-17.89949
198.5269	-17.65596	198.6542	-17.89949
198.6081	-17.84875	198.7353	-17.625519999999998
198.6892	-17.88934	198.8165	-17.67625
198.7703	-17.67625	198.8976	-17.90964
198.8515	-17.89949	198.9787	-17.99081
198.9326	-17.49361	199.0598	-17.838610000000003
199.0137	-17.49361	199.141	-17.88934
199.0948	-17.463160000000002	199.2221	-17.57478
199.176	-17.65596	199.3032	-17.89949
199.2571	-17.625519999999998	199.3844	-17.950229999999998
199.3382	-17.84875	199.4655	-17.86905
199.4194	-17.52405	199.5466	-17.71684
199.5005	-17.54434	199.6278	-17.54434
199.5816	-17.57478	199.7089	-17.645809999999997
199.6628	-17.69655	199.79	-17.74728
199.7439	-17.72699	199.8712	-17.67625
199.825	-18.02125	199.9523	-17.43272
199.9062	-17.72699	200.0334	-17.72699
199.9873	-17.625519999999998	200.1145	-17.81831
200.0684	-18.15317	200.1957	-17.96037
200.1496	-18.04155	200.2768	-17.63567
200.2307	-17.92993	200.3579	-17.77772
200.3118	-17.88934	200.4391	-18.18361
200.3929	-17.69655	200.5202	-18.00096
200.4741	-17.686400000000003	200.6013	-17.86905
200.5552	-17.798019999999998	200.6825	-17.858900000000002
200.6363	-17.77772	200.7636	-17.77772
200.7175	-17.66611	200.8447	-17.96037
200.7986	-17.8792	200.9259	-17.81831
200.8797	-17.50375	201.007	-17.77772
200.9609	-17.97052	201.0881	-17.940080000000002
201.042	-17.8792	201.1693	-17.838610000000003
201.1231	-17.74728	201.2504	-17.55449
201.2043	-17.57478	201.3315	-17.29066
201.2854	-17.71684	201.4126	-17.61537
201.3665	-17.74728	201.4938	-17.858900000000002
201.4476	-17.78787	201.5749	-18.14302
201.5288	-17.686400000000003	201.656	-17.8792
201.6099	-17.706690000000002	201.7372	-18.02125
201.691	-17.8792	201.8183	-18.00096
201.7722	-17.59508	201.89940000000001	-18.11258
201.8533	-17.69655	201.9806	-17.98067
201.9344	-17.69655	202.0617	-17.71684
202.0156	-17.63567	202.1428	-17.73714
202.0967	-17.88934	202.224	-17.88934
202.1778	-17.73714	202.3051	-17.950229999999998
202.259	-17.81831	202.3862	-17.81831
202.3401	-17.67625	202.4673	-17.75743
202.4212	-17.92993	202.5485	-17.645809999999997
202.5023	-17.940080000000002	202.6296	-17.645809999999997
202.5835	-17.99081	202.7107	-17.67625
202.6646	-18.10243	202.7919	-17.798019999999998
202.7457	-17.81831	202.873	-17.89949
202.8269	-17.77772	202.9541	-17.89949
202.908	-17.91978	203.0353	-17.86905
202.9891	-17.61537	203.1164	-17.81831
203.0703	-17.80817	203.1975	-17.88934
203.1514	-17.8792	203.2787	-17.65596
203.2325	-17.81831	203.3598	-17.81831
203.3137	-17.76758	203.4409	-17.82846
203.3948	-17.72699	203.522	-17.98067
203.4759	-17.73714	203.6032	-18.00096
203.5571	-17.86905	203.6843	-18.0517
203.6382	-17.69655	203.7654	-17.69655
203.7193	-17.54434	203.8466	-17.72699
203.8004	-17.55449	203.9277	-18.04155
203.8816	-17.63567	204.0088	-17.86905
203.9627	-17.65596	204.09	-17.838610000000003
204.0438	-17.706690000000002	204.1711	-17.84875
204.125	-17.5139	204.2522	-17.950229999999998
204.2061	-17.52405	204.3334	-17.76758
204.2872	-17.838610000000003	204.4145	-17.473309999999998
204.3684	-18.10243	204.4956	-17.78787
204.4495	-17.72699	204.5768	-18.092290000000002
204.5306	-17.5139	204.6579	-17.86905
204.6118	-17.81831	204.739	-17.72699
204.6929	-17.838610000000003	204.8201	-17.3414
204.774	-17.60522	204.9013	-17.57478
204.8551	-17.48346	204.9824	-17.89949
204.9363	-17.78787	205.0635	-18.08214
205.0174	-17.74728	205.1447	-18.06184
205.0985	-17.56464	205.2258	-17.84875
205.1797	-17.625519999999998	205.3069	-17.84875
205.2608	-17.43272	205.3881	-17.90964
205.3419	-17.686400000000003	205.4692	-17.84875
205.4231	-17.8792	205.5503	-17.86905
205.5042	-17.99081	205.6315	-17.82846
205.5853	-17.80817	205.7126	-18.092290000000002
205.6665	-17.60522	205.7937	-18.08214
205.7476	-17.60522	205.8748	-17.67625
205.8287	-17.798019999999998	205.956	-17.80817
205.9099	-17.858900000000002	206.0371	-18.17346
205.991	-17.81831	206.1182	-17.89949
206.0721	-17.645809999999997	206.1994	-17.55449
206.1532	-17.57478	206.2805	-17.76758
206.2344	-17.645809999999997	206.3616	-17.798019999999998
206.3155	-17.92993	206.4428	-17.97052
206.3966	-17.98067	206.5239	-17.92993
206.4778	-17.82846	206.605	-17.75743
206.5589	-17.71684	206.6862	-17.76758
206.64	-17.706690000000002	206.7673	-17.98067
206.7212	-17.89949	206.8484	-17.92993
206.8023	-17.72699	206.9296	-17.92993
206.8834	-17.645809999999997	207.0107	-17.858900000000002
206.9646	-17.686400000000003	207.0918	-17.84875
207.0457	-17.858900000000002	207.1729	-17.60522
207.1268	-17.81831	207.2541	-17.463160000000002
207.2079	-17.49361	207.3352	-17.72699
207.2891	-17.56464	207.4163	-17.76758
207.3702	-17.81831	207.4975	-17.88934
207.4513	-17.78787	207.5786	-17.81831
207.5325	-17.706690000000002	207.6597	-17.82846
207.6136	-17.5139	207.7409	-17.82846
207.6947	-17.686400000000003	207.822	-17.74728
207.7759	-17.838610000000003	207.9031	-17.84875
207.857	-17.65596	207.9843	-17.71684
207.9381	-17.96037	208.0654	-17.625519999999998
208.0193	-17.798019999999998	208.1465	-17.838610000000003
208.1004	-17.65596	208.2276	-18.11258
208.1815	-17.8792	208.3088	-18.011110000000002
208.2626	-17.66611	208.3899	-17.96037
208.3438	-17.37184	208.471	-17.858900000000002
208.4249	-17.75743	208.5522	-17.92993
208.506	-17.940080000000002	208.6333	-17.74728
208.5872	-17.74728	208.7144	-17.71684
208.6683	-17.858900000000002	208.7956	-17.82846
208.7494	-17.625519999999998	208.8767	-17.98067
208.8306	-17.54434	208.9578	-17.96037
208.9117	-17.78787	209.039	-17.92993
208.9928	-18.00096	209.1201	-17.90964
209.074	-17.91978	209.2012	-17.92993
209.1551	-17.92993	209.2823	-17.838610000000003
209.2362	-17.81831	209.3635	-17.706690000000002
209.3174	-17.67625	209.4446	-17.75743
209.3985	-17.77772	209.5257	-17.92993
209.4796	-17.61537	209.6069	-18.08214
209.5607	-17.90964	209.688	-17.73714
209.6419	-17.80817	209.7691	-17.63567
209.723	-17.69655	209.8503	-17.89949
209.8041	-17.78787	209.9314	-17.86905
209.8853	-17.74728	210.0125	-17.56464
209.9664	-17.69655	210.0937	-17.57478
210.0475	-17.706690000000002	210.1748	-17.71684
210.1287	-17.66611	210.2559	-17.80817
210.2098	-17.8792	210.3371	-17.81831
210.2909	-18.04155	210.4182	-18.00096
210.3721	-17.77772	210.4993	-17.84875
210.4532	-17.57478	210.5804	-17.72699
210.5343	-17.686400000000003	210.6616	-17.798019999999998
210.6154	-17.84875	210.7427	-17.74728
210.6966	-18.16331	210.8238	-17.91978
210.7777	-18.092290000000002	210.905	-18.02125
210.8588	-17.76758	210.9861	-17.84875
210.94	-17.72699	211.0672	-17.950229999999998
211.0211	-17.838610000000003	211.1484	-17.950229999999998
211.1022	-17.75743	211.2295	-17.98067
211.1834	-17.8792	211.3106	-17.74728
211.2645	-17.82846	211.3918	-17.92993
211.3456	-17.8792	211.4729	-17.76758
211.4268	-17.78787	211.554	-17.72699
211.5079	-18.011110000000002	211.6351	-17.80817
211.589	-17.96037	211.7163	-17.69655
211.6702	-17.67625	211.7974	-17.72699
211.7513	-17.52405	211.8785	-17.65596
211.8324	-17.67625	211.9597	-17.63567
211.9135	-17.63567	212.0408	-17.45302
211.9947	-17.75743	212.1219	-17.61537
212.0758	-17.73714	212.2031	-17.90964
212.1569	-17.80817	212.2842	-17.84875
212.2381	-17.69655	212.3653	-17.73714
212.3192	-17.54434	212.4465	-17.798019999999998
212.4003	-17.63567	212.5276	-17.80817
212.4815	-17.706690000000002	212.6087	-17.69655
212.5626	-17.63567	212.6898	-17.950229999999998
212.6437	-17.48346	212.771	-17.940080000000002
212.7249	-17.43272	212.8521	-17.838610000000003
212.806	-17.66611	212.9332	-17.97052
212.8871	-17.78787	213.0144	-17.73714
212.9682	-17.940080000000002	213.0955	-17.75743
213.0494	-17.950229999999998	213.1766	-18.12273
213.1305	-17.645809999999997	213.2578	-18.0517
213.2116	-17.48346	213.3389	-17.625519999999998
213.2928	-17.78787	213.42	-18.00096
213.3739	-18.092290000000002	213.5012	-18.10243
213.455	-17.59508	213.5823	-17.798019999999998
213.5362	-17.72699	213.6634	-18.011110000000002
213.6173	-17.625519999999998	213.7446	-18.092290000000002
213.6984	-17.5139	213.8257	-17.98067
213.7796	-17.798019999999998	213.9068	-17.798019999999998
213.8607	-17.86905	213.9879	-17.67625
213.9418	-18.08214	214.0691	-17.65596
214.0229	-17.88934	214.1502	-17.86905
214.1041	-17.82846	214.2313	-17.72699
214.1852	-18.0517	214.3125	-17.706690000000002
214.2663	-17.838610000000003	214.3936	-17.96037
214.3475	-17.798019999999998	214.4747	-17.686400000000003
214.4286	-17.76758	214.5559	-17.96037
214.5097	-17.75743	214.637	-17.950229999999998
214.5909	-17.66611	214.7181	-17.97052
214.672	-18.011110000000002	214.7993	-17.940080000000002
214.7531	-18.14302	214.8804	-17.89949
214.8343	-17.96037	214.9615	-18.10243
214.9154	-17.838610000000003	215.0426	-18.16331
214.9965	-17.96037	215.1238	-17.798019999999998
215.0777	-17.838610000000003	215.2049	-17.81831
215.1588	-17.43272	215.286	-18.011110000000002
215.2399	-17.80817	215.3672	-17.97052
215.321	-18.07199	215.4483	-17.8792
215.4022	-17.91978	215.5294	-17.950229999999998
215.4833	-17.59508	215.6106	-17.84875
215.5644	-17.72699	215.6917	-18.07199
215.6456	-17.58493	215.7728	-18.011110000000002
215.7267	-17.80817	215.854	-18.11258
215.8078	-17.645809999999997	215.9351	-17.92993
215.889	-17.55449	216.0162	-18.092290000000002
215.9701	-17.392139999999998	216.0974	-17.98067
216.0512	-17.706690000000002	216.1785	-18.011110000000002
216.1324	-17.73714	216.2596	-17.940080000000002
216.2135	-17.67625	216.3407	-17.92993
216.2946	-17.86905	216.4219	-17.473309999999998
216.3757	-18.11258	216.503	-17.56464
216.4569	-17.92993	216.5841	-17.86905
216.538	-17.706690000000002	216.6653	-17.82846
216.6191	-17.73714	216.7464	-17.96037
216.7003	-18.0517	216.8275	-17.80817
216.7814	-17.76758	216.9087	-17.73714
216.8625	-17.706690000000002	216.9898	-18.00096
216.9437	-17.798019999999998	217.0709	-17.798019999999998
217.0248	-17.91978	217.1521	-17.81831
217.1059	-17.798019999999998	217.2332	-17.838610000000003
217.1871	-17.706690000000002	217.3143	-17.798019999999998
217.2682	-17.71684	217.3954	-17.91978
217.3493	-17.80817	217.4766	-17.73714
217.4305	-17.65596	217.5577	-17.8792
217.5116	-17.66611	217.6388	-17.92993
217.5927	-17.74728	217.72	-17.8792
217.6738	-17.858900000000002	217.8011	-18.04155
217.755	-17.58493	217.8822	-17.80817
217.8361	-17.8792	217.9634	-17.90964
217.9172	-17.82846	218.0445	-18.08214
217.9984	-17.706690000000002	218.1256	-17.60522
218.0795	-17.66611	218.2068	-17.950229999999998
218.1606	-17.8792	218.2879	-17.838610000000003
218.2418	-17.84875	218.369	-17.67625
218.3229	-17.645809999999997	218.4501	-17.798019999999998
218.404	-17.63567	218.5313	-17.84875
218.4852	-17.86905	218.6124	-18.02125
218.5663	-17.81831	218.6935	-18.07199
218.6474	-17.706690000000002	218.7747	-18.12273
218.7285	-17.84875	218.8558	-17.91978
218.8097	-17.98067	218.9369	-18.092290000000002
218.8908	-18.011110000000002	219.0181	-18.00096
218.9719	-18.08214	219.0992	-18.011110000000002
219.0531	-17.91978	219.1803	-17.92993
219.1342	-17.706690000000002	219.2615	-17.96037
219.2153	-17.59508	219.3426	-18.011110000000002
219.2965	-17.81831	219.4237	-17.97052
219.3776	-17.97052	219.5049	-17.65596
219.4587	-17.645809999999997	219.586	-17.8792
219.5399	-17.798019999999998	219.6671	-17.858900000000002
219.621	-17.97052	219.7482	-17.65596
219.7021	-17.90964	219.8294	-17.82846
219.7832	-17.65596	219.9105	-17.80817
219.8644	-17.97052	219.9916	-17.63567
219.9455	-17.950229999999998	220.0728	-18.00096
220.0266	-17.76758	220.1539	-18.092290000000002
220.1078	-17.99081	220.235	-17.92993
220.1889	-17.89949	220.3162	-17.838610000000003
220.27	-17.838610000000003	220.3973	-17.645809999999997
220.3512	-17.72699	220.4784	-17.686400000000003
220.4323	-17.73714	220.5596	-17.84875
220.5134	-18.02125	220.6407	-17.92993
220.5946	-17.84875	220.7218	-17.88934
220.6757	-17.58493	220.8029	-17.90964
220.7568	-17.86905	220.8841	-18.16331
220.838	-18.04155	220.9652	-18.11258
220.9191	-17.8792	221.0463	-17.940080000000002
221.0002	-17.74728	221.1275	-17.90964
221.0813	-17.88934	221.2086	-18.00096
221.1625	-17.8792	221.2897	-18.00096
221.2436	-17.940080000000002	221.3709	-17.69655
221.3247	-17.98067	221.452	-17.706690000000002
221.4059	-17.96037	221.5331	-17.98067
221.487	-17.78787	221.6143	-17.91978
221.5681	-17.91978	221.6954	-17.838610000000003
221.6493	-17.858900000000002	221.7765	-18.12273
221.7304	-17.8792	221.8577	-18.02125
221.8115	-17.82846	221.9388	-17.91978
221.8927	-17.84875	222.0199	-18.092290000000002
221.9738	-17.50375	222.101	-18.2039
222.0549	-17.686400000000003	222.1822	-17.84875
222.136	-17.645809999999997	222.2633	-17.80817
222.2172	-17.45302	222.3444	-17.950229999999998
222.2983	-17.76758	222.4256	-18.02125
222.3794	-17.8792	222.5067	-17.8792
222.4606	-17.84875	222.5878	-17.625519999999998
222.5417	-17.838610000000003	222.669	-17.82846
222.6228	-17.86905	222.7501	-17.8792
222.704	-17.940080000000002	222.8312	-18.0314
222.7851	-17.97052	222.9124	-17.91978
222.8662	-17.98067	222.9935	-18.13287
222.9474	-18.011110000000002	223.0746	-18.29523
223.0285	-17.940080000000002	223.1557	-18.2039
223.1096	-18.21405	223.2369	-17.63567
223.1908	-17.97052	223.318	-17.63567
223.2719	-17.858900000000002	223.3991	-17.88934
223.353	-17.645809999999997	223.4803	-18.011110000000002
223.4341	-17.798019999999998	223.5614	-17.82846
223.5153	-18.00096	223.6425	-17.59508
223.5964	-17.950229999999998	223.7237	-17.81831
223.6775	-18.13287	223.8048	-18.092290000000002
223.7587	-17.80817	223.8859	-17.97052
223.8398	-17.686400000000003	223.9671	-17.838610000000003
223.9209	-17.8792	224.0482	-17.77772
224.0021	-17.81831	224.1293	-18.11258
224.0832	-17.81831	224.2104	-18.02125
224.1643	-17.838610000000003	224.2916	-18.17346
224.2455	-17.76758	224.3727	-17.76758
224.3266	-17.86905	224.4538	-17.858900000000002
224.4077	-17.74728	224.535	-17.71684
224.4888	-17.92993	224.6161	-18.00096
224.57	-17.84875	224.6972	-17.77772
224.6511	-17.55449	224.7784	-17.645809999999997
224.7322	-17.90964	224.8595	-17.72699
224.8134	-17.73714	224.9406	-17.950229999999998
224.8945	-17.89949	225.0218	-18.02125
224.9756	-17.96037	225.1029	-17.91978
225.0568	-17.8792	225.184	-17.798019999999998
225.1379	-17.645809999999997	225.2652	-17.858900000000002
225.219	-17.76758	225.3463	-17.98067
225.3002	-17.71684	225.4274	-18.17346
225.3813	-17.59508	225.5085	-17.80817
225.4624	-17.61537	225.5897	-17.77772
225.5435	-18.02125	225.6708	-18.08214
225.6247	-18.04155	225.7519	-17.88934
225.7058	-18.092290000000002	225.8331	-17.858900000000002
225.7869	-17.92993	225.9142	-17.798019999999998
225.8681	-17.72699	225.9953	-18.00096
225.9492	-17.78787	226.0765	-18.07199
226.0303	-17.77772	226.1576	-17.86905
226.1115	-17.82846	226.2387	-17.69655
226.1926	-17.75743	226.3199	-17.950229999999998
226.2737	-17.645809999999997	226.401	-17.92993
226.3549	-17.858900000000002	226.4821	-17.65596
226.436	-17.96037	226.5632	-17.77772
226.5171	-17.74728	226.6444	-17.69655
226.5983	-17.645809999999997	226.7255	-17.73714
226.6794	-17.686400000000003	226.8066	-17.75743
226.7605	-17.82846	226.8878	-18.02125
226.8416	-17.65596	226.9689	-17.89949
226.9228	-17.838610000000003	227.05	-17.80817
227.0039	-17.838610000000003	227.1312	-17.67625
227.085	-17.67625	227.2123	-17.73714
227.1662	-17.81831	227.2934	-17.706690000000002
227.2473	-17.74728	227.3746	-18.0517
227.3284	-17.92993	227.4557	-18.0314
227.4096	-17.99081	227.5368	-17.82846
227.4907	-18.21405	227.618	-17.73714
227.5718	-18.0517	227.6991	-17.57478
227.653	-17.69655	227.7802	-17.60522
227.7341	-17.84875	227.8613	-17.84875
227.8152	-17.92993	227.9425	-17.77772
227.8963	-18.08214	228.0236	-17.69655
227.9775	-17.950229999999998	228.1047	-17.73714
228.0586	-17.706690000000002	228.1859	-17.84875
228.1397	-17.50375	228.267	-17.838610000000003
228.2209	-17.54434	228.3481	-17.91978
228.302	-17.61537	228.4293	-17.81831
228.3831	-17.65596	228.5104	-17.8792
228.4643	-17.52405	228.5915	-17.838610000000003
228.5454	-17.63567	228.6727	-17.645809999999997
228.6265	-17.48346	228.7538	-17.8792
228.7077	-17.686400000000003	228.8349	-17.8792
228.7888	-17.57478	228.916	-17.81831
228.8699	-17.84875	228.9972	-17.98067
228.951	-17.92993	229.0783	-17.838610000000003
229.0322	-17.72699	229.1594	-17.63567
229.1133	-17.86905	229.2406	-17.940080000000002
229.1944	-17.645809999999997	229.3217	-18.07199
229.2756	-17.71684	229.4028	-17.84875
229.3567	-17.75743	229.484	-17.82846
229.4378	-17.8792	229.5651	-18.00096
229.519	-17.858900000000002	229.6462	-17.97052
229.6001	-17.99081	229.7274	-17.82846
229.6812	-17.58493	229.8085	-18.00096
229.7624	-17.65596	229.8896	-18.08214
229.8435	-17.73714	229.9707	-18.00096
229.9246	-17.73714	230.0519	-17.72699
230.0058	-17.92993	230.133	-17.73714
230.08690000000001	-17.90964	230.2141	-17.706690000000002
230.168	-17.69655	230.2953	-17.45302
230.2491	-17.84875	230.3764	-17.84875
230.3303	-17.858900000000002	230.4575	-17.81831
230.4114	-17.98067	230.5387	-18.15317
230.4925	-17.8792	230.6198	-18.2242
230.5737	-17.86905	230.7009	-18.00096
230.6548	-17.96037	230.7821	-18.092290000000002
230.7359	-17.77772	230.8632	-17.838610000000003
230.8171	-17.84875	230.9443	-17.76758
230.8982	-17.84875	231.0255	-17.81831
230.9793	-17.77772	231.1066	-17.838610000000003
231.0605	-17.686400000000003	231.1877	-17.98067
231.1416	-17.86905	231.2688	-17.97052
231.2227	-17.950229999999998	231.35	-17.88934
231.3038	-17.82846	231.4311	-17.86905
231.385	-17.8792	231.5122	-17.81831
231.4661	-17.940080000000002	231.5934	-17.81831
231.5472	-17.838610000000003	231.6745	-17.89949
231.6284	-17.61537	231.7556	-17.88934
231.7095	-17.798019999999998	231.8368	-17.99081
231.7906	-17.98067	231.9179	-18.00096
231.8718	-17.66611	231.999	-18.10243
231.9529	-17.37184	232.0802	-17.97052
232.034	-17.67625	232.1613	-17.81831
232.1152	-18.04155	232.2424	-17.91978
232.1963	-17.77772	232.3235	-17.82846
232.2774	-17.89949	232.4047	-17.78787
232.3586	-17.838610000000003	232.4858	-17.706690000000002
232.4397	-17.645809999999997	232.5669	-17.77772
232.5208	-17.75743	232.6481	-18.04155
232.6019	-17.69655	232.7292	-17.706690000000002
232.6831	-17.63567	232.8103	-17.60522
232.7642	-17.81831	232.8915	-17.89949
232.8453	-17.82846	232.9726	-17.80817
232.9265	-17.86905	233.0537	-18.17346
233.0076	-18.011110000000002	233.1349	-18.13287
233.0887	-17.798019999999998	233.216	-17.98067
233.1699	-17.90964	233.2971	-17.99081
233.251	-18.0314	233.3783	-18.092290000000002
233.3321	-17.80817	233.4594	-18.0517
233.4133	-17.81831	233.5405	-17.92993
233.4944	-17.65596	233.6216	-18.18361
233.5755	-17.61537	233.7028	-18.00096
233.6566	-17.798019999999998	233.7839	-17.71684
233.7378	-17.8792	233.865	-17.98067
233.8189	-18.00096	233.9462	-17.75743
233.9	-17.91978	234.0273	-18.06184
233.9812	-17.81831	234.1084	-18.092290000000002
234.0623	-17.75743	234.1896	-17.838610000000003
234.1434	-17.858900000000002	234.2707	-18.092290000000002
234.2246	-17.74728	234.3518	-17.99081
234.3057	-17.8792	234.433	-18.0314
234.3868	-17.8792	234.5141	-17.84875
234.468	-17.91978	234.5952	-17.67625
234.5491	-17.78787	234.6763	-17.98067
234.6302	-17.686400000000003	234.7575	-18.02125
234.7113	-17.81831	234.8386	-17.97052
234.7925	-17.950229999999998	234.9197	-17.48346
234.8736	-17.97052	235.0009	-17.72699
234.9547	-18.0517	235.082	-17.81831
235.0359	-17.92993	235.1631	-17.91978
235.117	-17.86905	235.2443	-17.71684
235.1981	-17.84875	235.3254	-18.17346
235.2793	-17.82846	235.4065	-18.17346
235.3604	-17.625519999999998	235.4877	-17.78787
235.4415	-17.75743	235.5688	-18.06184
235.5227	-17.82846	235.6499	-17.99081
235.6038	-18.0517	235.731	-17.60522
235.6849	-18.17346	235.8122	-17.81831
235.7661	-18.40684	235.8933	-17.91978
235.8472	-17.97052	235.9744	-17.950229999999998
235.9283	-18.02125	236.0556	-17.89949
236.0094	-17.97052	236.1367	-18.092290000000002
236.0906	-17.98067	236.2178	-17.950229999999998
236.1717	-17.96037	236.299	-17.84875
236.2528	-17.798019999999998	236.3801	-17.858900000000002
236.334	-17.838610000000003	236.4612	-18.092290000000002
236.4151	-17.77772	236.5424	-17.71684
236.4962	-17.91978	236.6235	-17.81831
236.5774	-18.04155	236.7046	-18.02125
236.6585	-17.97052	236.7858	-18.04155
236.7396	-17.858900000000002	236.8669	-17.90964
236.8208	-18.011110000000002	236.948	-17.75743
236.9019	-18.10243	237.0291	-17.86905
236.983	-17.66611	237.1103	-17.798019999999998
237.0641	-17.81831	237.1914	-17.81831
237.1453	-18.18361	237.2725	-17.61537
237.2264	-18.2039	237.3537	-17.80817
237.3075	-18.12273	237.4348	-17.71684
237.3887	-17.91978	237.5159	-18.00096
237.4698	-18.06184	237.5971	-18.15317
237.5509	-17.99081	237.6782	-17.798019999999998
237.6321	-17.706690000000002	237.7593	-17.81831
237.7132	-17.41243	237.8405	-17.92993
237.7943	-17.52405	237.9216	-18.04155
237.8755	-17.77772	238.0027	-17.940080000000002
237.9566	-17.81831	238.0838	-17.74728
238.0377	-17.91978	238.165	-17.72699
238.1189	-18.18361	238.2461	-17.74728
238.2	-18.0314	238.3272	-18.02125
238.2811	-17.81831	238.4084	-17.92993
238.3622	-18.14302	238.4895	-18.07199
238.4434	-18.0314	238.5706	-18.092290000000002
238.5245	-17.82846	238.6518	-17.82846
238.6056	-18.06184	238.7329	-17.74728
238.6868	-18.08214	238.814	-17.80817
238.7679	-18.0517	238.8952	-17.99081
238.849	-17.91978	238.9763	-17.75743
238.9302	-17.77772	239.0574	-18.00096
239.0113	-17.75743	239.1385	-18.13287
239.0924	-18.02125	239.2197	-18.14302
239.1736	-18.12273	239.3008	-17.8792
239.2547	-18.07199	239.3819	-17.84875
239.3358	-17.99081	239.4631	-18.0517
239.4169	-17.78787	239.5442	-17.74728
239.4981	-17.89949	239.6253	-17.74728
239.5792	-17.56464	239.7065	-17.798019999999998
239.6603	-17.838610000000003	239.7876	-18.07199
239.7415	-17.798019999999998	239.8687	-17.63567
239.8226	-17.84875	239.9499	-17.66611
239.9037	-17.99081	240.031	-18.02125
239.9849	-17.90964	240.1121	-18.011110000000002
240.066	-17.92993	240.1933	-17.798019999999998
240.1471	-17.798019999999998	240.27440000000001	-17.78787
240.2283	-17.706690000000002	240.3555	-17.66611
240.3094	-17.76758	240.4366	-17.71684
240.3905	-17.73714	240.5178	-17.90964
240.4716	-17.59508	240.5989	-18.06184
240.5528	-17.98067	240.68	-18.06184
240.6339	-18.011110000000002	240.7612	-18.0314
240.715	-18.16331	240.8423	-17.90964
240.7962	-18.10243	240.9234	-17.838610000000003
240.8773	-17.78787	241.0046	-17.798019999999998
240.9584	-17.76758	241.0857	-18.00096
241.0396	-18.04155	241.1668	-18.02125
241.1207	-17.72699	241.248	-17.940080000000002
241.2018	-17.73714	241.3291	-17.84875
241.283	-17.91978	241.4102	-17.80817
241.3641	-17.88934	241.4913	-18.02125
241.4452	-17.84875	241.5725	-18.2039
241.5264	-17.89949	241.6536	-17.96037
241.6075	-17.858900000000002	241.7347	-17.73714
241.6886	-17.67625	241.8159	-17.96037
241.7697	-17.940080000000002	241.897	-18.011110000000002
241.8509	-17.90964	241.9781	-18.10243
241.932	-17.69655	242.0593	-18.0517
242.0131	-17.86905	242.1404	-18.14302
242.0943	-18.011110000000002	242.2215	-17.940080000000002
242.1754	-17.858900000000002	242.3027	-17.91978
242.2565	-17.8792	242.3838	-17.90964
242.3377	-18.02125	242.4649	-17.76758
242.4188	-17.940080000000002	242.5461	-17.86905
242.4999	-17.838610000000003	242.6272	-18.04155
242.5811	-17.91978	242.7083	-18.011110000000002
242.6622	-18.04155	242.7894	-17.99081
242.7433	-17.86905	242.8706	-18.17346
242.8244	-17.82846	242.9517	-17.76758
242.9056	-17.858900000000002	243.0328	-17.74728
242.9867	-17.97052	243.114	-17.940080000000002
243.0678	-17.798019999999998	243.1951	-17.73714
243.149	-17.92993	243.2762	-18.02125
243.2301	-17.89949	243.3574	-18.12273
243.3112	-17.706690000000002	243.4385	-18.092290000000002
243.3924	-17.858900000000002	243.5196	-18.274929999999998
243.4735	-17.940080000000002	243.6008	-18.30537
243.5546	-17.858900000000002	243.6819	-17.73714
243.6358	-17.81831	243.763	-17.82846
243.7169	-17.88934	243.8441	-18.24449
243.798	-17.92993	243.9253	-18.00096
243.8792	-17.90964	244.0064	-17.96037
243.9603	-18.2039	244.0875	-18.0517
244.0414	-18.0314	244.1687	-17.65596
244.1225	-17.96037	244.2498	-17.798019999999998
244.2037	-17.92993	244.3309	-17.80817
244.2848	-17.950229999999998	244.4121	-17.940080000000002
244.3659	-18.06184	244.4932	-17.90964
244.4471	-18.092290000000002	244.5743	-17.97052
244.5282	-18.04155	244.6555	-17.8792
244.6093	-17.65596	244.7366	-17.82846
244.6905	-17.686400000000003	244.8177	-17.96037
244.7716	-17.950229999999998	244.8988	-18.0517
244.8527	-18.25464	244.98	-17.86905
244.9339	-17.940080000000002	245.0611	-17.838610000000003
245.015	-17.950229999999998	245.1422	-17.91978
245.0961	-17.98067	245.2234	-18.12273
245.1772	-17.80817	245.3045	-18.08214
245.2584	-17.76758	245.3856	-17.92993
245.3395	-17.88934	245.4668	-17.78787
245.4206	-17.798019999999998	245.5479	-17.88934
245.5018	-17.534190000000002	245.629	-18.0314
245.5829	-17.74728	245.7102	-18.10243
245.664	-17.8792	245.7913	-18.24449
245.7452	-18.13287	245.8724	-18.32567
245.8263	-17.80817	245.9536	-17.72699
245.9074	-17.798019999999998	246.0347	-18.14302
245.9886	-18.092290000000002	246.1158	-17.91978
246.0697	-17.73714	246.1969	-17.97052
246.1508	-17.838610000000003	246.2781	-17.99081
246.2319	-18.00096	246.3592	-18.04155
246.3131	-18.13287	246.4403	-18.17346
246.3942	-18.19376	246.5215	-18.3764
246.4753	-18.19376	246.6026	-18.14302
246.5565	-17.98067	246.6837	-17.89949
246.6376	-18.0314	246.7649	-17.80817
246.7187	-17.92993	246.846	-17.91978
246.7999	-18.19376	246.9271	-18.0314
246.881	-17.92993	247.0083	-18.02125
246.9621	-17.73714	247.0894	-18.11258
247.0433	-17.82846	247.1705	-18.11258
247.1244	-17.84875	247.2516	-17.89949
247.2055	-18.011110000000002	247.3328	-17.86905
247.2867	-18.21405	247.4139	-18.19376
247.3678	-17.838610000000003	247.495	-18.3967
247.4489	-17.77772	247.5762	-18.2242
247.53	-18.00096	247.6573	-18.3764
247.6112	-18.02125	247.7384	-18.08214
247.6923	-18.00096	247.8196	-17.78787
247.7734	-17.98067	247.9007	-17.86905
247.8546	-18.08214	247.9818	-18.00096
247.9357	-18.06184	248.063	-17.86905
248.0168	-18.04155	248.1441	-17.72699
248.098	-17.940080000000002	248.2252	-17.86905
248.1791	-17.96037	248.3064	-18.011110000000002
248.2602	-18.0314	248.3875	-17.858900000000002
248.3414	-18.00096	248.4686	-17.97052
248.4225	-17.86905	248.5497	-18.2242
248.5036	-17.78787	248.6309	-18.427139999999998
248.5847	-18.0314	248.712	-18.32567
248.6659	-18.00096	248.7931	-18.16331
248.747	-17.89949	248.8743	-18.14302
248.8281	-17.99081	248.9554	-17.75743
248.9093	-18.00096	249.0365	-17.73714
248.9904	-18.092290000000002	249.1177	-17.96037
249.0715	-17.96037	249.1988	-18.18361
249.1527	-18.14302	249.2799	-18.10243
249.2338	-18.08214	249.3611	-17.89949
249.3149	-18.2039	249.4422	-17.8792
249.3961	-18.07199	249.5233	-18.17346
249.4772	-17.950229999999998	249.6044	-18.08214
249.5583	-17.84875	249.6856	-17.97052
249.6395	-17.97052	249.7667	-17.625519999999998
249.7206	-18.16331	249.8478	-17.858900000000002
249.8017	-18.18361	249.929	-18.04155
249.8828	-17.940080000000002	250.0101	-18.0314
249.964	-17.940080000000002	250.0912	-17.91978
250.0451	-17.91978	250.1724	-18.13287
250.1262	-18.0314	250.2535	-17.89949
250.2074	-18.28508	250.3346	-17.8792
250.2885	-17.81831	250.4158	-17.8792
250.3696	-17.838610000000003	250.4969	-17.99081
250.4508	-18.092290000000002	250.578	-18.12273
250.5319	-17.86905	250.6591	-17.98067
250.613	-17.645809999999997	250.7403	-18.0517
250.6942	-17.798019999999998	250.8214	-18.30537
250.7753	-17.91978	250.9025	-18.08214
250.8564	-17.71684	250.9837	-17.96037
250.9375	-18.02125	251.0648	-18.08214
251.0187	-17.90964	251.1459	-18.16331
251.0998	-17.86905	251.2271	-18.07199
251.1809	-18.06184	251.3082	-17.97052
251.2621	-17.96037	251.3893	-18.02125
251.3432	-17.73714	251.4705	-18.2242
251.4243	-17.858900000000002	251.5516	-18.3764
251.5055	-18.011110000000002	251.6327	-18.0517
251.5866	-17.90964	251.7139	-18.18361
251.6677	-17.99081	251.795	-18.02125
251.7489	-17.858900000000002	251.8761	-17.77772
251.83	-17.798019999999998	251.9572	-17.858900000000002
251.9111	-17.858900000000002	252.0384	-17.89949
251.9922	-17.8792	252.1195	-17.92993
252.0734	-17.71684	252.2006	-18.26479
252.1545	-17.645809999999997	252.2818	-18.45758
252.2356	-17.98067	252.3629	-18.14302
252.3168	-17.88934	252.444	-18.12273
252.3979	-17.86905	252.5252	-18.08214
252.479	-17.98067	252.6063	-18.04155
252.5602	-18.10243	252.6874	-18.335820000000002
252.6413	-18.19376	252.7686	-18.19376
252.7224	-18.04155	252.8497	-17.69655
252.8036	-17.798019999999998	252.9308	-17.89949
252.8847	-17.99081	253.0119	-17.92993
252.9658	-17.858900000000002	253.0931	-18.07199
253.047	-17.82846	253.1742	-18.23434
253.1281	-17.74728	253.2553	-17.97052
253.2092	-17.61537	253.3365	-18.06184
253.2903	-17.645809999999997	253.4176	-18.00096
253.3715	-17.74728	253.4987	-18.15317
253.4526	-17.8792	253.5799	-18.2039
253.5337	-17.686400000000003	253.661	-18.11258
253.6149	-18.02125	253.7421	-17.99081
253.696	-17.950229999999998	253.8233	-17.858900000000002
253.7771	-17.86905	253.9044	-17.98067
253.8583	-18.02125	253.9855	-17.96037
253.9394	-17.86905	254.0667	-17.98067
254.0205	-17.67625	254.1478	-18.092290000000002
254.1017	-17.838610000000003	254.2289	-18.011110000000002
254.1828	-17.940080000000002	254.31	-18.14302
254.2639	-18.092290000000002	254.3912	-18.10243
254.345	-18.24449	254.4723	-18.07199
254.4262	-17.82846	254.5534	-17.77772
254.5073	-17.89949	254.6346	-17.96037
254.5884	-17.99081	254.7157	-17.96037
254.6696	-18.08214	254.7968	-18.011110000000002
254.7507	-17.88934	254.878	-18.10243
254.8318	-17.99081	254.9591	-18.26479
254.913	-18.00096	255.0402	-18.14302
254.9941	-17.82846	255.1214	-17.96037
255.0752	-17.77772	255.2025	-17.96037
255.1564	-17.72699	255.2836	-18.0517
255.2375	-18.06184	255.3647	-18.08214
255.3186	-18.10243	255.4459	-18.0314
255.3997	-17.86905	255.527	-18.00096
255.4809	-17.84875	255.6081	-17.76758
255.562	-17.89949	255.6893	-17.80817
255.6431	-17.72699	255.7704	-17.80817
255.7243	-17.97052	255.8515	-17.8792
255.8054	-17.72699	255.9327	-18.13287
255.8865	-18.00096	256.0138	-17.89949
255.9677	-18.32567	256.0949	-17.86905
256.04880000000003	-17.97052	256.176	-17.77772
256.1299	-17.76758	256.2571	-18.07199
256.211	-17.838610000000003	256.3383	-17.940080000000002
256.2921	-18.0314	256.4194	-17.73714
256.3733	-18.06184	256.5005	-18.11258
256.4544	-18.21405	256.5816	-17.97052
256.5355	-18.25464	256.6627	-17.99081
256.6166	-17.940080000000002	256.7438	-18.274929999999998
256.6977	-17.92993	256.825	-18.32567
256.7788	-18.011110000000002	256.9061	-18.11258
256.86	-18.011110000000002	256.9872	-17.69655
256.9411	-17.838610000000003	257.0683	-17.706690000000002
257.0222	-17.940080000000002	257.1494	-17.950229999999998
257.1033	-17.77772	257.2305	-18.11258
257.1844	-17.84875	257.3116	-18.24449
257.2655	-17.940080000000002	257.3928	-18.092290000000002
257.3466	-17.84875	257.4739	-17.838610000000003
257.4278	-17.69655	257.555	-17.88934
257.5089	-17.81831	257.6361	-18.15317
257.59	-17.91978	257.7172	-18.011110000000002
257.6711	-18.11258	257.7983	-17.92993
257.7522	-17.97052	257.8795	-17.950229999999998
257.8333	-17.78787	257.9606	-18.011110000000002
257.9145	-18.011110000000002	258.0417	-17.92993
257.9956	-18.011110000000002	258.1228	-17.97052
258.0767	-17.74728	258.2039	-18.2242
258.1578	-17.76758	258.285	-17.97052
258.2389	-18.011110000000002	258.3661	-18.02125
258.32	-18.07199	258.4473	-17.99081
258.4012	-18.0517	258.5284	-17.96037
258.4823	-17.86905	258.6095	-18.21405
258.5634	-17.80817	258.6906	-18.2039
258.6445	-18.11258	258.7717	-18.011110000000002
258.7256	-17.96037	258.8528	-17.86905
258.8067	-18.092290000000002	258.934	-18.24449
258.8878	-18.04155	259.0151	-18.26479
258.969	-18.08214	259.0962	-18.12273
259.0501	-18.28508	259.1773	-18.14302
259.1312	-18.24449	259.2584	-18.19376
259.2123	-17.98067	259.3395	-18.02125
259.2934	-18.274929999999998	259.4207	-18.274929999999998
259.3745	-18.26479	259.5018	-18.427139999999998
259.4557	-17.91978	259.5829	-18.274929999999998
259.5368	-17.73714	259.664	-18.11258
259.6179	-17.950229999999998	259.7451	-18.36626
259.699	-17.98067	259.8262	-18.04155
259.7801	-18.0314	259.9073	-17.940080000000002
259.8612	-17.86905	259.9885	-17.82846
259.9424	-18.17346	260.0696	-17.940080000000002
260.0235	-18.13287	260.1507	-17.99081
260.1046	-17.98067	260.2318	-18.0517
260.1857	-17.84875	260.3129	-18.07199
260.2668	-17.61537	260.394	-17.8792
260.3479	-17.645809999999997	260.4752	-18.12273
260.429	-18.0517	260.5563	-18.10243
260.5102	-18.26479	260.6374	-17.78787
260.5913	-18.16331	260.7185	-17.71684
260.6724	-18.16331	260.7996	-17.81831
260.7535	-18.40684	260.8807	-17.98067
260.8346	-18.25464	260.9619	-18.24449
260.9157	-17.91978	261.043	-18.19376
260.9969	-17.940080000000002	261.1241	-17.99081
261.078	-18.14302	261.2052	-17.92993
261.1591	-17.96037	261.2863	-17.98067
261.2402	-18.18361	261.3674	-18.34596
261.3213	-18.092290000000002	261.4485	-18.14302
261.4024	-17.686400000000003	261.5297	-18.092290000000002
261.4836	-17.96037	261.6108	-17.950229999999998
261.5647	-17.71684	261.6919	-18.0314
261.6458	-18.02125	261.773	-18.07199
261.7269	-17.78787	261.8541	-18.26479
261.808	-17.625519999999998	261.9352	-17.97052
261.8891	-17.858900000000002	262.0164	-18.011110000000002
261.9702	-18.16331	262.0975	-17.97052
262.0514	-18.30537	262.1786	-18.02125
262.1325	-17.97052	262.2597	-18.02125
262.2136	-17.8792	262.3408	-18.18361
262.2947	-17.940080000000002	262.4219	-18.2039
262.3758	-18.02125	262.5031	-17.950229999999998
262.4569	-18.15317	262.5842	-18.11258
262.5381	-18.15317	262.6653	-18.26479
262.6192	-18.0517	262.7464	-18.19376
262.7003	-18.25464	262.8275	-18.07199
262.7814	-18.10243	262.9086	-18.274929999999998
262.8625	-17.91978	262.9897	-18.31552
262.9436	-18.06184	263.0709	-18.30537
263.0247	-18.15317	263.152	-18.07199
263.1059	-17.99081	263.2331	-18.0517
263.187	-17.90964	263.3142	-17.940080000000002
263.2681	-17.92993	263.3953	-17.75743
263.3492	-17.98067	263.4764	-17.89949
263.4303	-17.91978	263.5576	-18.16331
263.5114	-17.86905	263.6387	-17.97052
263.5926	-17.74728	263.7198	-18.04155
263.6737	-17.76758	263.8009	-18.23434
263.7548	-17.92993	263.882	-18.44743
263.8359	-18.0517	263.9631	-18.14302
263.917	-17.8792	264.0443	-18.10243
263.9981	-18.16331	264.1254	-18.16331
264.0793	-17.86905	264.2065	-18.19376
264.1604	-17.49361	264.2876	-18.011110000000002
264.2415	-17.86905	264.3687	-18.011110000000002
264.3226	-18.15317	264.4498	-18.07199
264.4037	-18.2242	264.5309	-18.11258
264.4848	-18.12273	264.6121	-18.011110000000002
264.5659	-17.99081	264.6932	-18.18361
264.6471	-18.011110000000002	264.7743	-18.14302
264.7282	-17.950229999999998	264.8554	-17.97052
264.8093	-17.8792	264.9365	-18.16331
264.8904	-18.02125	265.0176	-18.26479
264.9715	-18.11258	265.0988	-18.24449
265.0526	-17.96037	265.1799	-18.24449
265.1338	-17.71684	265.261	-18.19376
265.2149	-17.858900000000002	265.3421	-18.28508
265.296	-18.04155	265.4232	-17.950229999999998
265.3771	-18.11258	265.5043	-17.798019999999998
265.4582	-17.940080000000002	265.5854	-18.24449
265.5393	-17.96037	265.6666	-18.00096
265.6205	-18.25464	265.7477	-17.84875
265.7016	-18.3764	265.8288	-18.16331
265.7827	-18.07199	265.9099	-18.23434
265.8638	-17.940080000000002	265.991	-18.14302
265.9449	-18.08214	266.0721	-18.30537
266.026	-17.92993	266.1533	-18.11258
266.1071	-18.08214	266.2344	-18.28508
266.1883	-18.14302	266.3155	-18.08214
266.2694	-18.0517	266.3966	-17.99081
266.3505	-17.950229999999998	266.4777	-17.97052
266.4316	-18.0314	266.5588	-17.65596
266.5127	-17.88934	266.64	-18.0314
266.5938	-18.17346	266.7211	-18.13287
266.675	-18.10243	266.8022	-18.13287
266.7561	-17.92993	266.8833	-17.96037
266.8372	-18.24449	266.9644	-17.92993
266.9183	-17.8792	267.0455	-18.17346
266.9994	-18.13287	267.1266	-18.2039
267.0805	-18.3764	267.2078	-18.24449
267.1617	-18.14302	267.2889	-18.36626
267.2428	-18.00096	267.37	-18.08214
267.3239	-18.08214	267.4511	-17.940080000000002
267.405	-18.12273	267.5322	-18.13287
267.4861	-17.940080000000002	267.6133	-18.274929999999998
267.5672	-18.10243	267.6945	-18.19376
267.6483	-18.13287	267.7756	-18.21405
267.7295	-18.17346	267.8567	-18.092290000000002
267.8106	-18.11258	267.9378	-18.274929999999998
267.8917	-18.07199	268.0189	-18.427139999999998
267.9728	-17.75743	268.1	-18.12273
268.0539	-18.07199	268.1812	-18.29523
268.135	-18.26479	268.2623	-18.2242
268.2162	-18.0314	268.3434	-18.30537
268.2973	-18.2039	268.4245	-18.50832
268.3784	-18.19376	268.5056	-18.36626
268.4595	-17.99081	268.5867	-17.98067
268.5406	-18.15317	268.6678	-18.13287
268.6217	-18.04155	268.749	-18.00096
268.7029	-18.14302	268.8301	-17.84875
268.784	-18.12273	268.9112	-18.0314
268.8651	-18.34596	268.9923	-18.07199
268.9462	-18.16331	269.0734	-18.15317
269.0273	-17.92993	269.1545	-18.0314
269.1084	-17.61537	269.2357	-18.04155
269.1895	-17.76758	269.3168	-18.29523
269.2707	-17.81831	269.3979	-18.335820000000002
269.3518	-17.82846	269.479	-18.18361
269.4329	-17.72699	269.5601	-18.23434
269.514	-17.86905	269.6412	-18.14302
269.5951	-17.8792	269.7224	-18.17346
269.6762	-17.90964	269.8035	-18.21405
269.7574	-17.80817	269.8846	-18.0517
269.8385	-18.06184	269.9657	-18.14302
269.9196	-18.10243	270.0468	-18.0517
270.0007	-17.80817	270.1279	-18.23434
270.0818	-18.011110000000002	270.209	-18.427139999999998
270.1629	-18.04155	270.2902	-17.97052
270.244	-18.10243	270.3713	-17.97052
270.3252	-17.8792	270.4524	-18.092290000000002
270.4063	-17.798019999999998	270.5335	-17.96037
270.4874	-18.16331	270.6146	-17.89949
270.5685	-18.08214	270.6957	-18.0314
270.6496	-17.88934	270.7769	-18.15317
270.7307	-17.686400000000003	270.858	-18.2039
270.8119	-17.73714	270.9391	-18.21405
270.893	-17.940080000000002	271.0202	-18.274929999999998
270.9741	-17.90964	271.1013	-17.96037
271.0552	-17.97052	271.1824	-18.16331
271.1363	-17.90964	271.2635	-18.11258
271.2174	-18.06184	271.3447	-18.13287
271.2986	-17.96037	271.4258	-18.092290000000002
271.3797	-17.98067	271.5069	-17.858900000000002
271.4608	-18.31552	271.588	-18.15317
271.5419	-18.29523	271.6691	-18.274929999999998
271.623	-18.16331	271.7502	-18.24449
271.7041	-18.07199	271.8314	-18.07199
271.7852	-18.092290000000002	271.9125	-18.16331
271.8664	-17.98067	271.9936	-17.91978
271.9475	-17.82846	272.0747	-18.11258
272.0286	-17.88934	272.1558	-18.011110000000002
272.1097	-17.838610000000003	272.2369	-18.12273
272.1908	-17.86905	272.3181	-18.34596
272.2719	-17.99081	272.3992	-18.13287
272.3531	-17.84875	272.4803	-18.02125
272.4342	-18.31552	272.5614	-18.17346
272.5153	-18.416990000000002	272.6425	-18.092290000000002
272.5964	-18.04155	272.7236	-17.86905
272.6775	-18.274929999999998	272.8047	-17.92993
272.7586	-18.13287	272.8859	-18.335820000000002
272.8398	-17.96037	272.967	-18.34596
272.9209	-18.011110000000002	273.0481	-18.32567
273.002	-17.92993	273.1292	-18.21405
273.0831	-17.950229999999998	273.2103	-18.24449
273.1642	-18.092290000000002	273.2914	-18.06184
273.2453	-18.2039	273.3726	-18.00096
273.3264	-18.13287	273.4537	-17.92993
273.4076	-17.8792	273.5348	-18.19376
273.4887	-17.92993	273.6159	-18.06184
273.5698	-18.04155	273.697	-18.0517
273.6509	-18.15317	273.7781	-18.17346
273.732	-18.0517	273.8593	-18.08214
273.8131	-18.28508	273.9404	-18.23434
273.8943	-17.92993	274.0215	-18.08214
273.9754	-18.00096	274.1026	-18.0314
274.0565	-17.89949	274.1837	-18.21405
274.1376	-17.90964	274.2648	-18.18361
274.2187	-17.97052	274.3459	-18.07199
274.2998	-18.13287	274.4271	-17.91978
274.381	-18.0517	274.5082	-18.12273
274.4621	-18.0517	274.5893	-18.32567
274.5432	-17.91978	274.6704	-18.25464
274.6243	-18.011110000000002	274.7515	-18.31552
274.7054	-18.011110000000002	274.8326	-18.32567
274.7865	-17.88934	274.9138	-17.97052
274.8676	-18.17346	274.9949	-17.940080000000002
274.9488	-18.13287	275.076	-18.25464
275.0299	-17.84875	275.1571	-18.26479
275.111	-17.8792	275.2382	-17.838610000000003
275.1921	-17.96037	275.3193	-18.2039
275.2732	-18.0517	275.4005	-18.14302
275.3543	-18.498170000000002	275.4816	-18.092290000000002
275.4355	-18.29523	275.5627	-18.3764
275.5166	-18.2039	275.6438	-18.32567
275.5977	-18.10243	275.7249	-18.36626
275.6788	-17.75743	275.806	-18.36626
275.7599	-17.89949	275.8871	-18.16331
275.841	-18.00096	275.9683	-17.97052
275.9221	-17.86905	276.0494	-17.78787
276.0033	-18.15317	276.1305	-17.90964
276.0844	-18.08214	276.2116	-17.91978
276.1655	-18.24449	276.2927	-18.36626
276.2466	-18.16331	276.3738	-18.14302
276.3277	-18.06184	276.455	-18.12273
276.4088	-18.06184	276.5361	-18.17346
276.49	-18.13287	276.6172	-18.47787
276.5711	-17.99081	276.6983	-18.02125
276.6522	-18.274929999999998	276.7794	-17.91978
276.7333	-18.32567	276.8605	-18.04155
276.8144	-18.16331	276.9417	-18.07199
276.8955	-17.99081	277.0228	-18.13287
276.9767	-18.23434	277.1039	-17.92993
277.0578	-18.2039	277.185	-18.12273
277.1389	-17.86905	277.2661	-18.10243
277.22	-18.0314	277.3472	-18.0517
277.3011	-18.26479	277.4283	-18.07199
277.3822	-18.45758	277.5095	-18.25464
277.4633	-18.02125	277.5906	-18.13287
277.5445	-18.06184	277.6717	-18.3764
277.6256	-18.3764	277.7528	-18.45758
277.7067	-18.14302	277.8339	-18.17346
277.7878	-18.02125	277.915	-18.21405
277.8689	-18.04155	277.9962	-18.23434
277.95	-17.950229999999998	278.0773	-18.0517
278.0312	-18.00096	278.1584	-18.274929999999998
278.1123	-17.99081	278.2395	-18.02125
278.1934	-18.011110000000002	278.3206	-17.75743
278.2745	-17.90964	278.4017	-18.10243
278.3556	-18.092290000000002	278.4828	-18.31552
278.4367	-18.31552	278.564	-18.2242
278.5179	-18.25464	278.6451	-18.02125
278.599	-18.04155	278.7262	-17.92993
278.6801	-18.06184	278.8073	-18.12273
278.7612	-18.2039	278.8884	-18.07199
278.8423	-18.23434	278.9695	-18.14302
278.9234	-17.91978	279.0507	-18.23434
279.0045	-17.98067	279.1318	-18.25464
279.0857	-18.14302	279.2129	-17.99081
279.1668	-18.18361	279.294	-17.838610000000003
279.2479	-17.81831	279.3751	-18.011110000000002
279.329	-17.798019999999998	279.4562	-18.35611
279.4101	-18.21405	279.5374	-18.12273
279.4912	-18.06184	279.6185	-18.19376
279.5724	-18.17346	279.6996	-18.47787
279.6535	-18.18361	279.7807	-18.44743
279.7346	-17.99081	279.8618	-18.30537
279.8157	-17.950229999999998	279.9429	-18.274929999999998
279.8968	-18.011110000000002	280.024	-18.274929999999998
279.9779	-17.8792	280.1052	-18.274929999999998
280.0591	-17.97052	280.1863	-18.16331
280.1402	-18.07199	280.2674	-18.2039
280.2213	-18.14302	280.3485	-17.940080000000002
280.3024	-18.16331	280.4296	-18.31552
280.3835	-18.08214	280.5107	-18.28508
280.4646	-18.092290000000002	280.5919	-17.77772
280.5457	-18.04155	280.673	-18.04155
280.6269	-17.97052	280.7541	-18.092290000000002
280.708	-18.18361	280.8352	-18.31552
280.7891	-17.90964	280.9163	-18.23434
280.8702	-17.92993	280.9974	-18.0314
280.9513	-18.00096	281.0786	-18.13287
281.0324	-18.02125	281.1597	-18.45758
281.1136	-18.18361	281.2408	-18.06184
281.1947	-18.07199	281.3219	-17.99081
281.2758	-18.12273	281.403	-17.99081
281.3569	-18.13287	281.4841	-18.14302
281.438	-18.011110000000002	281.5652	-18.00096
281.5191	-17.98067	281.6464	-17.798019999999998
281.6003	-18.21405	281.7275	-18.36626
281.6814	-18.23434	281.8086	-18.52861
281.7625	-18.092290000000002	281.8897	-18.13287
281.8436	-18.011110000000002	281.9708	-18.06184
281.9247	-17.80817	282.0519	-18.15317
282.0058	-18.2242	282.1331	-18.21405
282.0869	-18.32567	282.2142	-18.12273
282.1681	-18.23434	282.2953	-18.08214
282.2492	-17.91978	282.3764	-18.25464
282.3303	-17.81831	282.4575	-18.28508
282.4114	-18.00096	282.5386	-17.99081
282.4925	-18.0517	282.6198	-17.92993
282.5736	-17.950229999999998	282.7009	-18.07199
282.6548	-18.02125	282.782	-18.19376
282.7359	-18.16331	282.8631	-18.19376
282.817	-18.25464	282.9442	-18.24449
282.8981	-18.274929999999998	283.0253	-17.89949
282.9792	-18.30537	283.1064	-17.950229999999998
283.0603	-18.30537	283.1876	-17.798019999999998
283.1414	-18.12273	283.2687	-17.99081
283.2226	-18.274929999999998	283.3498	-18.07199
283.3037	-18.26479	283.4309	-18.13287
283.3848	-17.798019999999998	283.512	-18.25464
283.4659	-18.17346	283.5931	-18.3967
283.547	-18.24449	283.6743	-18.40684
283.6281	-17.96037	283.7554	-18.19376
283.7093	-18.2039	283.8365	-17.97052
283.7904	-18.13287	283.9176	-18.12273
283.8715	-18.10243	283.9987	-18.29523
283.9526	-18.0517	284.0798	-18.02125
284.0337	-17.84875	284.1609	-18.011110000000002
284.1148	-18.02125	284.2421	-18.07199
284.196	-17.84875	284.3232	-18.24449
284.2771	-18.17346	284.4043	-18.34596
284.3582	-18.3967	284.4854	-18.28508
284.4393	-18.14302	284.5665	-18.30537
284.5204	-17.91978	284.6476	-18.011110000000002
284.6015	-18.06184	284.7288	-18.06184
284.6826	-18.011110000000002	284.8099	-18.14302
284.7638	-18.26479	284.891	-18.3764
284.8449	-18.21405	284.9721	-18.15317
284.926	-18.07199	285.0532	-18.00096
285.0071	-18.0517	285.1343	-18.011110000000002
285.0882	-18.17346	285.2155	-17.838610000000003
285.1693	-18.416990000000002	285.2966	-17.86905
285.2505	-18.2039	285.3777	-18.0517
285.3316	-17.81831	285.4588	-18.02125
285.4127	-17.81831	285.5399	-17.8792
285.4938	-17.73714	285.621	-18.21405
285.5749	-18.14302	285.7021	-18.30537
285.656	-18.23434	285.7833	-18.43729
285.7372	-18.011110000000002	285.8644	-18.335820000000002
285.8183	-17.96037	285.9455	-18.2039
285.8994	-18.04155	286.0266	-18.34596
285.9805	-18.16331	286.1077	-18.335820000000002
286.0616	-18.092290000000002	286.1888	-18.10243
286.1427	-18.13287	286.27	-18.10243
286.2238	-17.97052	286.3511	-17.950229999999998
286.305	-18.04155	286.4322	-17.84875
286.3861	-18.274929999999998	286.5133	-18.15317
286.4672	-18.19376	286.5944	-18.12273
286.5483	-18.26479	286.6755	-18.2242
286.6294	-18.07199	286.7567	-18.25464
286.7105	-18.24449	286.8378	-18.21405
286.7917	-18.46773	286.9189	-18.06184
286.8728	-18.10243	287	-18.12273
286.9539	-18.18361	287.0811	-18.274929999999998
287.035	-18.34596	287.1622	-18.26479
287.1161	-18.30537	287.2433	-17.798019999999998
287.1972	-18.18361	287.3245	-17.940080000000002
287.2784	-18.17346	287.4056	-18.16331
287.3595	-17.8792	287.4867	-18.43729
287.4406	-17.86905	287.5678	-18.23434
287.5217	-18.19376	287.6489	-18.21405
287.6028	-18.24449	287.73	-18.19376
287.6839	-18.14302	287.8112	-18.21405
287.765	-18.21405	287.8923	-18.17346
287.8462	-18.07199	287.9734	-18.092290000000002
287.9273	-18.04155	288.0545	-18.21405
288.0084	-18.00096	288.1356	-18.04155
288.0895	-17.89949	288.2167	-17.96037
288.1706	-18.0314	288.2979	-17.99081
288.2517	-18.2242	288.379	-18.274929999999998
288.3329	-18.17346	288.4601	-18.498170000000002
288.414	-18.092290000000002	288.5412	-18.660519999999998
288.4951	-17.8792	288.6223	-18.46773
288.5762	-17.91978	288.7034	-18.48802
288.6573	-17.86905	288.7845	-18.21405
288.7384	-17.71684	288.8657	-18.13287
288.8195	-18.092290000000002	288.9468	-18.19376
288.9007	-17.950229999999998	289.0279	-18.32567
288.9818	-18.08214	289.109	-18.29523
289.0629	-18.274929999999998	289.1901	-18.2242
289.144	-18.11258	289.2712	-17.90964
289.2251	-18.26479	289.3524	-17.80817
289.3062	-18.335820000000002	289.4335	-18.18361
289.3874	-17.89949	289.5146	-18.28508
289.4685	-17.71684	289.5957	-18.58949
289.5496	-18.0517	289.6768	-18.498170000000002
289.6307	-18.47787	289.7579	-18.21405
289.7118	-18.427139999999998	289.8391	-18.2242
289.7929	-17.88934	289.9202	-18.46773
289.8741	-17.91978	290.0013	-18.274929999999998
289.9552	-18.0517	290.0824	-18.19376
290.0363	-17.99081	290.1635	-18.2039
290.1174	-18.21405	290.2446	-18.14302
290.1985	-18.0314	290.3257	-18.11258
290.2796	-18.04155	290.4069	-18.07199
290.3607	-18.0314	290.488	-18.26479
290.4419	-18.29523	290.5691	-18.3967
290.523	-18.48802	290.6502	-18.45758
290.6041	-18.47787	290.7313	-18.29523
290.6852	-18.18361	290.8124	-17.940080000000002
290.7663	-17.798019999999998	290.8936	-18.08214
290.8474	-17.82846	290.9747	-18.092290000000002
290.9286	-18.274929999999998	291.0558	-18.25464
291.0097	-18.15317	291.1369	-18.12273
291.0908	-17.89949	291.218	-18.07199
291.1719	-18.12273	291.2991	-18.12273
291.253	-18.06184	291.3802	-18.06184
291.3341	-18.02125	291.4614	-18.08214
291.4153	-18.2039	291.5425	-18.02125
291.4964	-18.10243	291.6236	-18.2242
291.5775	-18.07199	291.7047	-18.25464
291.6586	-18.13287	291.7858	-18.26479
291.7397	-18.02125	291.8669	-18.274929999999998
291.8208	-17.940080000000002	291.9481	-18.17346
291.9019	-18.17346	292.0292	-18.02125
291.9831	-18.498170000000002	292.1103	-18.14302
292.0642	-18.011110000000002	292.1914	-18.30537
292.1453	-17.91978	292.2725	-18.35611
292.2264	-17.88934	292.3536	-18.44743
292.3075	-18.04155	292.4348	-18.35611
292.3886	-18.0314	292.5159	-18.24449
292.4698	-17.96037	292.597	-18.04155
292.5509	-18.0314	292.6781	-18.25464
292.632	-18.10243	292.7592	-18.19376
292.7131	-18.45758	292.8403	-17.950229999999998
292.7942	-18.26479	292.9214	-17.88934
292.8753	-18.0314	293.0026	-18.30537
292.9565	-18.21405	293.0837	-18.579349999999998
293.0376	-18.08214	293.1648	-18.335820000000002
293.1187	-18.07199	293.2459	-18.35611
293.1998	-18.07199	293.327	-18.29523
293.2809	-18.07199	293.4081	-18.13287
293.362	-18.30537	293.4893	-18.0314
293.4431	-18.274929999999998	293.5704	-18.274929999999998
293.5243	-17.940080000000002	293.6515	-18.26479
293.6054	-18.21405	293.7326	-18.23434
293.6865	-18.35611	293.8137	-18.16331
293.7676	-18.0517	293.8948	-18.44743
293.8487	-18.02125	293.976	-18.31552
293.9298	-18.2242	294.0571	-18.15317
294.011	-17.98067	294.1382	-18.2242
294.0921	-18.092290000000002	294.2193	-18.23434
294.1732	-18.18361	294.3004	-18.46773
294.2543	-17.98067	294.3815	-18.50832
294.3354	-17.98067	294.4626	-18.092290000000002
294.4165	-17.84875	294.5438	-18.10243
294.4977	-17.950229999999998	294.6249	-18.07199
294.5788	-17.99081	294.706	-17.99081
294.6599	-18.18361	294.7871	-18.48802
294.741	-18.04155	294.8682	-18.25464
294.8221	-17.940080000000002	294.9493	-18.416990000000002
294.9032	-18.11258	295.0305	-18.335820000000002
294.9843	-18.29523	295.1116	-18.07199
295.0655	-18.32567	295.1927	-18.14302
295.1466	-17.950229999999998	295.2738	-18.21405
295.2277	-17.92993	295.3549	-18.011110000000002
295.3088	-18.34596	295.436	-17.950229999999998
295.3899	-18.416990000000002	295.5172	-17.98067
295.471	-18.06184	295.5983	-18.28508
295.5522	-18.23434	295.6794	-18.2039
295.6333	-18.092290000000002	295.7605	-18.30537
295.7144	-18.13287	295.8416	-18.06184
295.7955	-18.0314	295.9227	-18.274929999999998
295.8766	-17.950229999999998	296.0038	-18.59964
295.9577	-17.950229999999998	296.085	-18.17346
296.0388	-18.19376	296.1661	-18.19376
296.12	-18.02125	296.2472	-18.25464
296.2011	-18.32567	296.3283	-18.48802
296.2822	-18.23434	296.4094	-18.60979
296.3633	-18.14302	296.4905	-18.53876
296.4444	-18.00096	296.5717	-18.26479
296.5255	-17.98067	296.6528	-18.12273
296.6067	-17.940080000000002	296.7339	-18.16331
296.6878	-17.88934	296.815	-18.12273
296.7689	-18.11258	296.8961	-18.15317
296.85	-18.16331	296.9772	-18.427139999999998
296.9311	-18.10243	297.0583	-18.24449
297.0122	-18.15317	297.1395	-18.17346
297.0934	-18.11258	297.2206	-18.2242
297.1745	-18.2242	297.3017	-18.16331
297.2556	-18.092290000000002	297.3828	-18.14302
297.3367	-18.04155	297.4639	-18.02125
297.4178	-18.16331	297.545	-18.12273
297.4989	-18.45758	297.6262	-18.29523
297.58	-18.18361	297.7073	-18.35611
297.6612	-18.31552	297.7884	-18.274929999999998
297.7423	-18.15317	297.8695	-18.21405
297.8234	-17.940080000000002	297.9506	-18.11258
297.9045	-18.16331	298.0317	-18.2242
297.9856	-18.30537	298.1129	-18.38655
298.0667	-17.97052	298.194	-18.55905
298.1479	-18.0517	298.2751	-18.427139999999998
298.229	-17.950229999999998	298.3562	-17.99081
298.3101	-18.0314	298.4373	-17.99081
298.3912	-18.2039	298.5184	-18.2039
298.4723	-18.40684	298.5995	-18.32567
298.5534	-18.2242	298.6807	-18.51846
298.6346	-18.26479	298.7618	-18.16331
298.7157	-17.940080000000002	298.8429	-18.335820000000002
298.7968	-18.08214	298.924	-18.23434
298.8779	-18.427139999999998	299.0051	-18.16331
298.959	-18.2039	299.0862	-18.18361
299.0401	-18.24449	299.1674	-18.30537
299.1212	-18.24449	299.2485	-18.38655
299.2024	-18.0314	299.3296	-18.32567
299.2835	-17.88934	299.4107	-18.2039
299.3646	-18.16331	299.4918	-17.940080000000002
299.4457	-18.10243	299.5729	-18.04155
299.5268	-18.43729	299.6541	-18.26479
299.6079	-18.23434	299.7352	-18.23434
299.6891	-18.06184	299.8163	-18.10243
299.7702	-18.28508	299.8974	-18.23434
299.8513	-18.16331	299.9785	-18.15317
299.9324	-18.34596	300.0596	-18.13287
300.0135	-18.21405	300.1407	-18.15317
300.0946	-18.04155	300.2219	-18.10243
300.1758	-17.73714	300.303	-18.25464
300.2569	-18.10243	300.3841	-18.53876
300.338	-18.25464	300.4652	-18.24449
300.4191	-18.34596	300.5463	-18.335820000000002
300.5002	-18.19376	300.6274	-18.16331
300.5813	-17.99081	300.7086	-18.3764
300.6624	-18.011110000000002	300.7897	-18.07199
300.7436	-17.940080000000002	300.8708	-17.98067
300.8247	-18.15317	300.9519	-18.17346
300.9058	-18.19376	301.033	-18.23434
300.9869	-18.29523	301.1141	-18.14302
301.068	-18.2242	301.1953	-18.12273
301.1491	-18.0517	301.2764	-18.18361
301.2303	-17.82846	301.3575	-18.011110000000002
301.3114	-17.98067	301.4386	-18.28508
301.3925	-17.97052	301.5197	-18.58949
301.4736	-18.15317	301.6008	-18.40684
301.5547	-18.17346	301.6819	-18.23434
301.6358	-18.14302	301.7631	-18.29523
301.7169	-18.08214	301.8442	-18.2039
301.7981	-18.31552	301.9253	-18.15317
301.8792	-18.18361	302.0064	-18.16331
301.9603	-18.14302	302.0875	-18.17346
302.0414	-18.10243	302.1686	-18.29523
302.1225	-18.2039	302.2498	-18.13287
302.2036	-18.13287	302.3309	-18.29523
302.2848	-18.16331	302.412	-18.335820000000002
302.3659	-18.18361	302.4931	-18.427139999999998
302.447	-18.52861	302.5742	-18.36626
302.5281	-18.32567	302.6553	-18.28508
302.6092	-17.940080000000002	302.7365	-18.12273
302.6903	-17.950229999999998	302.8176	-17.91978
302.7715	-18.24449	302.8987	-17.950229999999998
302.8526	-18.07199	302.9798	-18.26479
302.9337	-18.17346	303.0609	-18.13287
303.0148	-18.092290000000002	303.142	-18.18361
303.0959	-18.2242	303.2231	-18.2039
303.177	-18.08214	303.3043	-18.18361
303.2581	-17.8792	303.3854	-18.3967
303.3393	-18.15317	303.4665	-18.3967
303.4204	-18.29523	303.5476	-18.26479
303.5015	-18.15317	303.6287	-18.2039
303.5826	-18.38655	303.7098	-18.29523
303.6637	-18.2242	303.791	-18.29523
303.7448	-18.10243	303.8721	-18.19376
303.826	-17.940080000000002	303.9532	-18.28508
303.9071	-18.21405	304.0343	-18.08214
303.9882	-18.335820000000002	304.1154	-17.99081
304.0693	-18.12273	304.1965	-18.21405
304.1504	-18.14302	304.2776	-18.23434
304.2315	-18.15317	304.3588	-18.416990000000002
304.3127	-18.14302	304.4399	-18.21405
304.3938	-18.12273	304.521	-18.07199
304.4749	-18.011110000000002	304.6021	-18.28508
304.556	-18.2242	304.6832	-18.24449
304.6371	-18.30537	304.7643	-18.23434
304.7182	-18.23434	304.8455	-18.18361
304.7993	-18.23434	304.9266	-18.53876
304.8805	-18.15317	305.0077	-18.47787
304.9616	-18.19376	305.0888	-18.26479
305.0427	-18.427139999999998	305.1699	-18.18361
305.1238	-18.30537	305.251	-18.02125
305.2049	-18.12273	305.3322	-18.12273
305.286	-18.04155	305.4133	-18.18361
305.3672	-18.14302	305.4944	-18.00096
305.4483	-17.950229999999998	305.5755	-17.98067
305.5294	-17.99081	305.6566	-18.08214
305.6105	-18.04155	305.7377	-18.3967
305.6916	-18.04155	305.8188	-18.29523
305.7727	-18.35611	305.9	-18.427139999999998
305.8539	-17.96037	305.9811	-18.335820000000002
305.935	-17.89949	306.0622	-18.18361
306.0161	-18.04155	306.1433	-18.12273
306.0972	-18.19376	306.2244	-18.31552
306.1783	-18.19376	306.3055	-18.14302
306.2594	-18.06184	306.3867	-18.25464
306.3405	-17.97052	306.4678	-18.19376
306.4217	-18.19376	306.5489	-18.2242
306.5028	-18.14302	306.63	-18.274929999999998
306.5839	-18.17346	306.7111	-18.31552
306.665	-18.12273	306.7922	-18.13287
306.7461	-18.08214	306.8734	-18.14302
306.8272	-18.14302	306.9545	-17.940080000000002
306.9084	-18.06184	307.0356	-18.092290000000002
306.9895	-18.23434	307.1167	-18.10243
307.0706	-17.91978	307.1978	-18.52861
307.1517	-17.97052	307.2789	-18.35611
307.2328	-17.91978	307.36	-18.11258
307.3139	-17.89949	307.4412	-18.35611
307.3951	-18.10243	307.5223	-18.427139999999998
307.4762	-18.17346	307.6034	-18.3764
307.5573	-18.092290000000002	307.6845	-18.34596
307.6384	-18.15317	307.7656	-18.21405
307.7195	-18.21405	307.8467	-18.2242
307.8006	-18.21405	307.9279	-18.12273
307.8817	-18.2242	308.009	-18.14302
307.9629	-18.16331	308.0901	-18.21405
308.044	-18.04155	308.1712	-18.10243
308.1251	-18.16331	308.2523	-18.10243
308.2062	-18.07199	308.3334	-18.00096
308.2873	-17.84875	308.4146	-18.18361
308.3684	-17.76758	308.4957	-18.21405
308.4496	-17.96037	308.5768	-18.16331
308.5307	-17.89949	308.6579	-18.19376
308.6118	-18.02125	308.739	-18.17346
308.6929	-18.26479	308.8201	-18.16331
308.774	-17.89949	308.9012	-18.28508
308.8551	-17.96037	308.9824	-18.3967
308.9362	-18.15317	309.0635	-18.26479
309.0174	-18.44743	309.1446	-18.30537
309.0985	-18.25464	309.2257	-18.21405
309.1796	-17.950229999999998	309.3068	-18.11258
309.2607	-18.04155	309.3879	-18.43729
309.3418	-18.13287	309.4691	-18.14302
309.4229	-18.092290000000002	309.5502	-17.90964
309.5041	-18.24449	309.6313	-18.28508
309.5852	-18.092290000000002	309.7124	-18.44743
309.6663	-17.84875	309.7935	-18.00096
309.7474	-18.17346	309.8746	-18.0517
309.8285	-18.08214	309.9557	-18.04155
309.9096	-17.99081	310.0369	-17.940080000000002
309.9908	-18.04155	310.118	-18.25464
310.0719	-18.02125	310.1991	-18.2242
310.153	-18.092290000000002	310.2802	-18.30537
310.2341	-18.19376	310.36130000000003	-18.19376
310.3152	-18.18361	310.4424	-18.2039
310.3963	-17.838610000000003	310.5236	-17.98067
310.4774	-17.91978	310.6047	-18.19376
310.5586	-18.18361	310.6858	-18.416990000000002
310.6397	-18.04155	310.7669	-18.18361
310.7208	-17.940080000000002	310.848	-18.10243
310.8019	-18.17346	310.9291	-18.45758
310.883	-18.51846	311.0103	-18.427139999999998
310.9641	-18.43729	311.0914	-17.97052
311.0453	-18.04155	311.1725	-18.18361
311.1264	-17.92993	311.2536	-18.3764
311.2075	-18.11258	311.3347	-18.15317
311.2886	-18.2039	311.4158	-18.21405
311.3697	-18.08214	311.4969	-18.15317
311.4508	-18.11258	311.5781	-18.04155
311.532	-18.23434	311.6592	-18.17346
311.6131	-18.08214	311.7403	-18.26479
311.6942	-17.97052	311.8214	-18.3967
311.7753	-18.10243	311.9025	-18.17346
311.8564	-18.092290000000002	311.9836	-18.19376
311.9375	-18.2039	312.0648	-18.29523
312.0186	-18.24449	312.1459	-18.29523
312.0998	-18.14302	312.227	-18.26479
312.1809	-18.092290000000002	312.3081	-18.24449
312.262	-18.25464	312.3892	-18.3764
312.3431	-18.2242	312.4703	-18.11258
312.4242	-18.11258	312.5515	-18.43729
312.5053	-18.28508	312.6326	-18.40684
312.5865	-18.28508	312.7137	-18.29523
312.6676	-18.31552	312.7948	-18.427139999999998
312.7487	-18.10243	312.8759	-18.30537
312.8298	-18.011110000000002	312.957	-18.17346
312.9109	-18.00096	313.0381	-18.2242
312.992	-18.24449	313.1193	-18.40684
313.0732	-18.16331	313.2004	-18.19376
313.1543	-18.2039	313.2815	-18.08214
313.2354	-18.00096	313.3626	-17.92993
313.3165	-17.97052	313.4437	-18.2039
313.3976	-18.011110000000002	313.5248	-18.23434
313.4787	-18.02125	313.606	-18.34596
313.5598	-17.90964	313.6871	-18.40684
313.641	-18.2039	313.7682	-18.23434
313.7221	-18.29523	313.8493	-18.14302
313.8032	-18.5489	313.9304	-18.29523
313.8843	-18.17346	314.0115	-18.427139999999998
313.9654	-18.18361	314.0927	-17.91978
314.0465	-18.19376	314.17380000000003	-18.10243
314.1277	-18.011110000000002	314.2549	-18.12273
314.2088	-18.092290000000002	314.336	-18.02125
314.2899	-18.12273	314.4171	-18.06184
314.371	-18.10243	314.4982	-18.14302
314.4521	-18.11258	314.5793	-18.26479
314.5332	-17.75743	314.6605	-18.11258
314.6143	-17.950229999999998	314.7416	-18.29523
314.6955	-18.00096	314.8227	-18.24449
314.7766	-18.16331	314.9038	-18.2039
314.8577	-18.092290000000002	314.9849	-18.10243
314.9388	-18.38655	315.066	-17.90964
315.0199	-18.28508	315.1472	-18.32567
315.101	-18.335820000000002	315.2283	-18.28508
315.1822	-18.19376	315.3094	-18.07199
315.2633	-17.89949	315.3905	-18.21405
315.3444	-18.04155	315.4716	-18.38655
315.4255	-18.21405	315.5527	-18.25464
315.5066	-18.08214	315.6339	-17.940080000000002
315.5877	-18.011110000000002	315.715	-18.06184
315.6689	-18.3764	315.7961	-18.23434
315.75	-18.25464	315.8772	-18.15317
315.8311	-18.19376	315.9583	-17.858900000000002
315.9122	-18.274929999999998	316.0394	-18.08214
315.9933	-17.92993	316.1205	-18.23434
316.0744	-17.99081	316.2017	-18.2039
316.1555	-18.3764	316.2828	-18.48802
316.2367	-18.36626	316.3639	-18.274929999999998
316.3178	-18.0517	316.445	-18.19376
316.3989	-18.0314	316.5261	-17.89949
316.48	-18.02125	316.6072	-17.940080000000002
316.5611	-18.24449	316.6884	-18.092290000000002
316.6422	-17.92993	316.7695	-18.02125
316.7234	-17.91978	316.8506	-18.19376
316.8045	-18.15317	316.9317	-18.23434
316.8856	-18.11258	317.0128	-18.335820000000002
316.9667	-17.89949	317.0939	-18.36626
317.0478	-18.011110000000002	317.175	-18.2242
317.1289	-18.16331	317.2562	-18.36626
317.2101	-18.2242	317.3373	-18.52861
317.2912	-18.3764	317.4184	-18.335820000000002
317.3723	-18.26479	317.4995	-18.04155
317.4534	-18.12273	317.5806	-18.19376
317.5345	-18.30537	317.6617	-18.16331
317.6156	-18.43729	317.7429	-18.24449
317.6967	-18.46773	317.824	-18.19376
317.7779	-18.12273	317.9051	-18.28508
317.859	-18.02125	317.9862	-18.08214
317.9401	-17.940080000000002	318.0673	-18.18361
318.0212	-18.00096	318.1484	-18.00096
318.1023	-18.31552	318.2296	-18.02125
318.1834	-18.274929999999998	318.3107	-18.16331
318.2646	-18.19376	318.3918	-18.24449
318.3457	-18.45758	318.4729	-18.15317
318.4268	-18.31552	318.554	-18.51846
318.5079	-18.12273	318.6351	-18.30537
318.589	-18.38655	318.7162	-18.40684
318.6701	-18.12273	318.7974	-18.30537
318.7513	-18.3764	318.8785	-18.12273
318.8324	-18.19376	318.9596	-18.10243
318.9135	-18.06184	319.0407	-18.34596
318.9946	-18.23434	319.1218	-18.19376
319.0757	-18.13287	319.2029	-17.97052
319.1568	-17.940080000000002	319.2841	-18.19376
319.2379	-18.092290000000002	319.3652	-18.10243
319.3191	-18.15317	319.4463	-18.416990000000002
319.4002	-18.23434	319.5274	-18.274929999999998
319.4813	-18.18361	319.6085	-18.19376
319.5624	-18.011110000000002	319.6896	-18.21405
319.6435	-17.950229999999998	319.7708	-18.18361
319.7246	-18.0314	319.8519	-18.092290000000002
319.8058	-18.02125	319.933	-17.97052
319.8869	-18.416990000000002	320.0141	-18.092290000000002
319.968	-18.26479	320.0952	-18.36626
320.0491	-18.0517	320.1763	-18.43729
320.1302	-17.98067	320.2574	-18.30537
320.2113	-17.99081	320.3386	-18.38655
320.2924	-18.08214	320.4197	-18.40684
320.3736	-18.10243	320.5008	-18.53876
320.4547	-18.07199	320.5819	-18.416990000000002
320.5358	-18.18361	320.663	-18.52861
320.6169	-18.19376	320.7441	-18.35611
320.698	-18.0314	320.8253	-18.32567
320.7791	-17.858900000000002	320.9064	-18.35611
320.8603	-18.00096	320.9875	-18.40684
320.9414	-18.00096	321.0686	-18.23434
321.0225	-18.04155	321.1497	-18.40684
321.1036	-18.15317	321.2308	-18.35611
321.1847	-18.17346	321.312	-18.28508
321.2658	-18.18361	321.3931	-18.50832
321.347	-18.15317	321.4742	-18.335820000000002
321.4281	-18.31552	321.5553	-18.00096
321.5092	-18.32567	321.6364	-18.18361
321.5903	-18.274929999999998	321.7175	-18.04155
321.6714	-18.38655	321.7986	-18.13287
321.7525	-18.3967	321.8798	-18.38655
321.8336	-18.10243	321.9609	-18.25464
321.9148	-18.07199	322.042	-18.2039
321.9959	-18.07199	322.1231	-18.13287
322.077	-18.08214	322.2042	-18.31552
322.1581	-17.858900000000002	322.2853	-18.34596
322.2392	-17.92993	322.3665	-18.17346
322.3203	-17.940080000000002	322.4476	-18.24449
322.4015	-18.18361	322.5287	-17.92993
322.4826	-18.31552	322.6098	-18.07199
322.5637	-18.2039	322.6909	-18.12273
322.6448	-17.8792	322.772	-18.25464
322.7259	-17.88934	322.8531	-18.18361
322.807	-18.28508	322.9343	-18.24449
322.8882	-18.12273	323.0154	-18.45758
322.9693	-17.80817	323.0965	-18.24449
323.0504	-18.10243	323.1776	-18.00096
323.1315	-18.32567	323.2587	-18.12273
323.2126	-18.24449	323.3398	-18.11258
323.2937	-18.28508	323.421	-18.06184
323.3748	-18.26479	323.5021	-18.12273
323.456	-17.72699	323.5832	-18.2039
323.5371	-17.99081	323.6643	-17.858900000000002
323.6182	-18.19376	323.7454	-18.274929999999998
323.6993	-18.16331	323.8265	-18.274929999999998
323.7804	-18.18361	323.9077	-18.24449
323.8615	-18.13287	323.9888	-18.02125
323.9427	-18.092290000000002	324.0699	-18.10243
324.0238	-17.96037	324.151	-18.30537
324.1049	-17.91978	324.2321	-18.498170000000002
324.186	-18.274929999999998	324.3132	-18.52861
324.2671	-18.43729	324.3943	-18.3967
324.3482	-18.569200000000002	324.4755	-18.2242
324.4294	-18.274929999999998	324.5566	-18.40684
324.5105	-18.36626	324.6377	-18.21405
324.5916	-18.13287	324.7188	-18.3764
324.6727	-18.02125	324.7999	-18.23434
324.7538	-17.97052	324.881	-17.78787
324.8349	-18.15317	324.9622	-17.92993
324.916	-17.80817	325.0433	-18.19376
324.9972	-17.77772	325.1244	-18.36626
325.0783	-17.838610000000003	325.2055	-18.17346
325.1594	-18.0517	325.2866	-18.32567
325.2405	-18.08214	325.3677	-18.36626
325.3216	-18.06184	325.4489	-18.21405
325.4027	-17.74728	325.53	-17.99081
325.4839	-18.36626	325.6111	-18.11258
325.565	-18.50832	325.6922	-18.19376
325.6461	-18.21405	325.7733	-18.3967
325.7272	-17.625519999999998	325.8544	-18.40684
325.8083	-17.645809999999997	325.9355	-18.26479
325.8894	-17.82846	326.0167	-18.40684
325.9706	-17.90964	326.0978	-18.32567
326.0517	-18.00096	326.1789	-18.3764
326.1328	-18.0314	326.26	-18.25464
326.2139	-18.0517	326.3411	-18.45758
326.295	-18.2242	326.4222	-18.24449
326.3761	-18.28508	326.5034	-18.274929999999998
326.4572	-17.98067	326.5845	-18.24449
326.5384	-17.950229999999998	326.6656	-18.11258
326.6195	-18.00096	326.7467	-18.48802
326.7006	-17.950229999999998	326.8278	-18.68082
326.7817	-17.81831	326.9089	-18.45758
326.8628	-18.11258	326.9901	-18.19376
326.9439	-18.13287	327.0712	-18.12273
327.0251	-17.8792	327.1523	-18.23434
327.1062	-18.04155	327.2334	-18.04155
327.1873	-18.18361	327.3145	-18.43729
327.2684	-18.07199	327.3956	-18.50832
327.3495	-18.34596	327.4767	-18.46773
327.4306	-17.96037	327.5579	-18.16331
327.5117	-17.92993	327.639	-18.15317
327.5929	-17.97052	327.7201	-18.14302
327.674	-18.335820000000002	327.8012	-18.04155
327.7551	-18.13287	327.8823	-18.17346
327.8362	-18.12273	327.9634	-18.21405
327.9173	-17.98067	328.0446	-18.17346
327.9984	-18.02125	328.1257	-18.0314
328.0796	-18.19376	328.2068	-17.99081
328.1607	-18.04155	328.2879	-18.011110000000002
328.2418	-18.07199	328.369	-18.13287
328.3229	-18.15317	328.4501	-18.29523
328.404	-17.97052	328.5313	-18.48802
328.4851	-18.04155	328.6124	-18.18361
328.5663	-18.16331	328.6935	-18.13287
328.6474	-18.28508	328.7746	-18.40684
328.7285	-18.092290000000002	328.8557	-18.3764
328.8096	-18.04155	328.9368	-18.2039
328.8907	-18.092290000000002	329.0179	-18.07199
328.9718	-18.02125	329.0991	-18.25464
329.0529	-18.0517	329.1802	-18.07199
329.1341	-17.91978	329.2613	-18.2039
329.2152	-17.92993	329.3424	-18.38655
329.2963	-18.2242	329.4235	-18.32567
329.3774	-18.07199	329.5046	-18.47787
329.4585	-18.06184	329.5858	-18.48802
329.5396	-18.00096	329.6669	-18.2039
329.6208	-18.12273	329.748	-18.02125
329.7019	-18.10243	329.8291	-18.21405
329.783	-18.11258	329.9102	-18.32567
329.8641	-18.011110000000002	329.9913	-18.28508
329.9452	-18.00096	330.0724	-17.96037
330.0263	-18.18361	330.1536	-18.092290000000002
330.1075	-18.2242	330.2347	-18.12273
330.1886	-17.89949	330.3158	-18.335820000000002
330.2697	-18.13287	330.3969	-18.30537
330.3508	-17.96037	330.478	-18.335820000000002
330.4319	-18.18361	330.5591	-18.18361
330.513	-17.91978	330.6403	-18.0517
330.5941	-18.04155	330.7214	-18.15317
330.6753	-17.96037	330.8025	-18.19376
330.7564	-18.06184	330.8836	-18.21405
330.8375	-18.06184	330.9647	-18.16331
330.9186	-18.10243	331.0458	-18.18361
330.9997	-18.21405	331.127	-18.35611
331.0808	-17.98067	331.2081	-18.16331
331.162	-18.04155	331.2892	-18.21405
331.2431	-18.00096	331.3703	-18.21405
331.3242	-17.89949	331.4514	-18.16331
331.4053	-17.858900000000002	331.5325	-18.40684
331.4864	-17.940080000000002	331.6136	-18.416990000000002
331.5675	-18.07199	331.6948	-18.34596
331.6487	-18.34596	331.7759	-18.25464
331.7298	-18.34596	331.857	-18.18361
331.8109	-18.29523	331.9381	-18.24449
331.892	-17.99081	332.0192	-17.950229999999998
331.9731	-17.99081	332.1003	-18.08214
332.0542	-18.24449	332.1815	-18.02125
332.1353	-17.96037	332.2626	-18.07199
332.2165	-17.838610000000003	332.3437	-18.15317
332.2976	-18.02125	332.4248	-18.34596
332.3787	-18.15317	332.5059	-18.498170000000002
332.4598	-18.12273	332.587	-18.3967
332.5409	-18.08214	332.6682	-18.10243
332.622	-18.011110000000002	332.7493	-18.19376
332.7032	-17.940080000000002	332.8304	-18.18361
332.7843	-18.11258	332.9115	-18.16331
332.8654	-18.13287	332.9926	-18.2039
332.9465	-18.17346	333.0737	-18.31552
333.0276	-18.16331	333.1548	-18.427139999999998
333.1087	-17.838610000000003	333.236	-18.3764
333.1898	-17.82846	333.3171	-18.36626
333.271	-17.8792	333.3982	-18.23434
333.3521	-18.23434	333.4793	-18.32567
333.4332	-18.28508	333.5604	-18.07199
333.5143	-17.96037	333.6415	-18.2039
333.5954	-18.17346	333.7227	-18.24449
333.6765	-18.31552	333.8038	-18.416990000000002
333.7577	-18.14302	333.8849	-18.34596
333.8388	-18.17346	333.966	-18.12273
333.9199	-18.25464	334.0471	-18.24449
334.001	-18.2039	334.1282	-18.12273
334.0821	-18.04155	334.2094	-18.28508
334.1632	-18.2242	334.2905	-18.24449
334.2444	-18.17346	334.3716	-18.13287
334.3255	-18.06184	334.4527	-18.2039
334.4066	-17.8792	334.5338	-18.18361
334.4877	-17.940080000000002	334.6149	-18.19376
334.5688	-18.23434	334.696	-18.26479
334.6499	-18.092290000000002	334.7772	-18.32567
334.731	-17.940080000000002	334.8583	-18.2039
334.8122	-17.92993	334.9394	-18.24449
334.8933	-18.18361	335.0205	-18.11258
334.9744	-18.092290000000002	335.1016	-18.17346
335.0555	-18.14302	335.1827	-18.15317
335.1366	-17.858900000000002	335.2639	-18.44743
335.2177	-18.06184	335.345	-18.34596
335.2989	-18.02125	335.4261	-18.3764
335.38	-18.11258	335.5072	-18.23434
335.4611	-18.0314	335.5883	-18.07199
335.5422	-18.30537	335.6694	-18.25464
335.6233	-18.43729	335.7505	-18.26479
335.7044	-18.11258	335.8317	-18.14302
335.7856	-18.06184	335.9128	-18.17346
335.8667	-18.2039	335.9939	-18.08214
335.9478	-17.950229999999998	336.075	-18.13287
336.0289	-18.092290000000002	336.1561	-18.274929999999998
336.11	-18.00096	336.2372	-18.25464
336.1911	-18.011110000000002	336.3184	-18.3764
336.2722	-18.11258	336.3995	-18.35611
336.3534	-18.24449	336.4806	-18.29523
336.4345	-18.14302	336.5617	-18.13287
336.5156	-18.00096	336.6428	-18.18361
336.5967	-18.04155	336.7239	-18.12273
336.6778	-18.16331	336.8051	-18.26479
336.7589	-18.12273	336.8862	-18.38655
336.8401	-18.07199	336.9673	-18.335820000000002
336.9212	-18.06184	337.0484	-18.06184
337.0023	-17.940080000000002	337.1295	-18.15317
337.0834	-17.86905	337.2106	-18.29523
337.1645	-17.8792	337.2917	-18.00096
337.2456	-17.96037	337.3729	-17.88934
337.3268	-18.12273	337.454	-18.13287
337.4079	-18.23434	337.5351	-18.0314
337.489	-18.17346	337.6162	-18.18361
337.5701	-18.17346	337.6973	-18.10243
337.6512	-18.25464	337.7784	-17.86905
337.7323	-18.092290000000002	337.8596	-18.2242
337.8134	-18.15317	337.9407	-18.25464
337.8946	-17.91978	338.0218	-18.10243
337.9757	-18.3764	338.1029	-18.04155
338.0568	-18.2242	338.184	-18.092290000000002
338.1379	-17.99081	338.2651	-18.092290000000002
338.219	-18.04155	338.3463	-17.940080000000002
338.3001	-18.18361	338.4274	-18.02125
338.3813	-18.23434	338.5085	-18.34596
338.4624	-18.26479	338.5896	-18.0314
338.5435	-18.10243	338.6707	-18.335820000000002
338.6246	-17.97052	338.7518	-18.40684
338.7057	-17.75743	338.8329	-18.00096
338.7868	-18.00096	338.9141	-17.81831
338.868	-17.8792	338.9952	-18.15317
338.9491	-17.92993	339.0763	-18.30537
339.0302	-17.99081	339.1574	-18.335820000000002
339.11130000000003	-18.092290000000002	339.2385	-18.14302
339.1924	-18.10243	339.3196	-17.99081
339.2735	-18.092290000000002	339.4008	-18.25464
339.3546	-18.2039	339.4819	-18.32567
339.4358	-17.89949	339.563	-18.19376
339.5169	-18.011110000000002	339.6441	-18.18361
339.598	-18.34596	339.7252	-18.13287
339.6791	-18.19376	339.8063	-18.19376
339.7602	-18.21405	339.8875	-18.16331
339.8413	-18.19376	339.9686	-18.26479
339.9225	-18.24449	340.0497	-18.23434
340.0036	-17.86905	340.1308	-18.24449
340.0847	-17.99081	340.2119	-18.0517
340.1658	-18.13287	340.293	-18.17346
340.2469	-18.02125	340.3741	-18.06184
340.328	-17.73714	340.4553	-18.21405
340.4091	-17.90964	340.5364	-18.31552
340.4903	-18.00096	340.6175	-18.23434
340.5714	-18.0517	340.6986	-18.25464
340.6525	-18.06184	340.7797	-18.569200000000002
340.7336	-18.13287	340.8608	-18.3764
340.8147	-18.02125	340.942	-18.06184
340.8958	-17.88934	341.0231	-18.19376
340.977	-18.13287	341.1042	-18.21405
341.0581	-18.00096	341.1853	-18.34596
341.1392	-18.274929999999998	341.2664	-18.34596
341.2203	-18.15317	341.3475	-18.34596
341.3014	-18.10243	341.4286	-18.38655
341.3825	-18.13287	341.5098	-18.335820000000002
341.4637	-18.011110000000002	341.5909	-17.940080000000002
341.5448	-17.81831	341.672	-17.96037
341.6259	-17.86905	341.7531	-18.02125
341.707	-17.90964	341.8342	-18.15317
341.7881	-17.8792	341.9153	-18.2242
341.8692	-17.90964	341.9965	-18.11258
341.9503	-18.08214	342.0776	-18.28508
342.0315	-18.15317	342.1587	-18.38655
342.1126	-18.00096	342.2398	-18.10243
342.1937	-18.00096	342.3209	-18.011110000000002
342.2748	-17.99081	342.402	-17.98067
342.3559	-18.14302	342.4832	-18.07199
342.437	-17.98067	342.5643	-18.52861
342.5182	-18.11258	342.6454	-18.35611
342.5993	-18.0314	342.7265	-18.2242
342.6804	-18.08214	342.8076	-18.26479
342.7615	-18.12273	342.8887	-18.19376
342.8426	-17.950229999999998	342.9698	-18.3967
342.9237	-17.80817	343.051	-18.31552
343.0049	-18.21405	343.1321	-18.23434
343.086	-18.274929999999998	343.2132	-18.3967
343.1671	-18.06184	343.2943	-18.011110000000002
343.2482	-18.092290000000002	343.3754	-17.99081
343.3293	-18.0517	343.4565	-18.12273
343.4104	-17.92993	343.5377	-17.86905
343.4915	-17.99081	343.6188	-17.74728
343.5727	-18.011110000000002	343.6999	-17.98067
343.6538	-17.77772	343.781	-18.40684
343.7349	-17.80817	343.8621	-18.10243
343.816	-17.80817	343.9432	-18.011110000000002
343.8971	-17.858900000000002	344.0244	-18.21405
343.9782	-18.02125	344.1055	-18.274929999999998
344.0594	-17.838610000000003	344.1866	-18.24449
344.1405	-17.98067	344.2677	-18.011110000000002
344.2216	-17.92993	344.3488	-18.19376
344.3027	-18.13287	344.4299	-18.19376
344.3838	-18.02125	344.511	-18.12273
344.4649	-18.21405	344.5922	-18.13287
344.5461	-18.12273	344.6733	-18.17346
344.6272	-17.80817	344.7544	-18.11258
344.7083	-17.77772	344.8355	-18.25464
344.7894	-18.02125	344.9166	-17.99081
344.8705	-17.8792	344.9977	-17.96037
344.9516	-17.77772	345.0789	-18.16331
345.0327	-17.950229999999998	345.16	-18.10243
345.1139	-18.10243	345.2411	-18.31552
345.195	-18.02125	345.3222	-18.25464
345.2761	-17.706690000000002	345.4033	-17.99081
345.3572	-17.84875	345.4844	-18.02125
345.4383	-17.81831	345.5656	-18.17346
345.5194	-18.08214	345.6467	-18.28508
345.6006	-17.89949	345.7278	-18.34596
345.6817	-17.392139999999998	345.8089	-17.86905
345.7628	-17.59508	345.89	-17.75743
345.8439	-17.77772	345.9711	-18.18361
345.925	-18.04155	346.0522	-18.28508
346.0061	-17.90964	346.1334	-18.17346
346.0872	-17.950229999999998	346.2145	-18.06184
346.1684	-17.98067	346.2956	-18.3764
346.2495	-18.23434	346.3767	-18.32567
346.3306	-18.00096	346.4578	-18.2242
346.4117	-17.92993	346.5389	-18.12273
346.4928	-17.838610000000003	346.6201	-18.16331
346.5739	-17.84875	346.7012	-18.0517
346.6551	-17.8792	346.7823	-17.858900000000002
346.7362	-18.07199	346.8634	-17.99081
346.8173	-18.13287	346.9445	-18.092290000000002
346.8984	-17.86905	347.0256	-18.17346
346.9795	-17.798019999999998	347.1068	-18.23434
347.0606	-17.92993	347.1879	-18.26479
347.1418	-17.98067	347.269	-18.17346
347.2229	-18.15317	347.3501	-18.00096
347.304	-17.96037	347.4312	-18.274929999999998
347.3851	-17.798019999999998	347.5123	-18.14302
347.4662	-17.88934	347.5934	-18.274929999999998
347.5473	-18.15317	347.6746	-18.06184
347.6284	-18.21405	347.7557	-18.11258
347.7096	-18.04155	347.8368	-18.274929999999998
347.7907	-18.092290000000002	347.9179	-18.2242
347.8718	-18.15317	347.999	-18.19376
347.9529	-17.92993	348.0801	-18.15317
348.034	-18.0517	348.1613	-18.10243
348.1151	-17.81831	348.2424	-18.011110000000002
348.1963	-17.940080000000002	348.3235	-18.17346
348.2774	-18.08214	348.4046	-18.28508
348.3585	-17.97052	348.4857	-18.25464
348.4396	-17.96037	348.5668	-18.06184
348.5207	-18.15317	348.6479	-18.17346
348.6018	-18.16331	348.7291	-18.21405
348.683	-17.97052	348.8102	-18.14302
348.7641	-17.66611	348.8913	-17.66611
348.8452	-17.99081	348.9724	-18.14302
348.9263	-17.98067	349.0535	-18.17346
349.0074	-17.99081	349.1346	-18.36626
349.0885	-17.950229999999998	349.2158	-18.71126
349.1696	-18.011110000000002	349.2969	-18.43729
349.2508	-18.28508	349.378	-18.092290000000002
349.3319	-17.88934	349.4591	-17.96037
349.413	-17.74728	349.5402	-17.950229999999998
349.4941	-17.798019999999998	349.6213	-18.04155
349.5752	-17.99081	349.7025	-18.13287
349.6563	-18.092290000000002	349.7836	-17.940080000000002
349.7375	-18.04155	349.8647	-17.92993
349.8186	-17.940080000000002	349.9458	-18.14302
349.8997	-18.15317	350.0269	-18.2039
349.9808	-18.18361	350.108	-18.06184
350.0619	-17.96037	350.1891	-18.13287
350.143	-17.89949	350.2703	-17.91978
350.2242	-17.88934	350.3514	-17.98067
350.3053	-17.92993	350.4325	-18.11258
350.3864	-17.74728	350.5136	-17.99081
350.4675	-17.98067	350.5947	-18.08214
350.5486	-17.84875	350.6758	-17.92993
350.6297	-18.04155	350.757	-17.73714
350.7108	-17.97052	350.8381	-18.10243
350.792	-17.77772	350.9192	-17.950229999999998
350.8731	-18.07199	351.0003	-17.88934
350.9542	-18.23434	351.0814	-17.950229999999998
351.0353	-17.97052	351.1625	-18.07199
351.1164	-18.08214	351.2437	-17.940080000000002
351.1975	-18.04155	351.3248	-18.04155
351.2787	-18.13287	351.4059	-18.18361
351.3598	-18.17346	351.487	-18.18361
351.4409	-18.0314	351.5681	-18.08214
351.522	-17.92993	351.6492	-18.15317
351.6031	-17.89949	351.7303	-18.00096
351.6842	-17.81831	351.8115	-18.11258
351.7654	-17.90964	351.8926	-18.011110000000002
351.8465	-17.76758	351.9737	-17.97052
351.9276	-18.08214	352.0548	-18.0314
352.0087	-18.011110000000002	352.1359	-17.950229999999998
352.0898	-18.00096	352.217	-18.11258
352.1709	-17.89949	352.2982	-18.40684
352.252	-17.89949	352.3793	-18.02125
352.3332	-17.99081	352.4604	-18.0517
352.4143	-18.0517	352.5415	-18.2242
352.4954	-17.91978	352.6226	-18.02125
352.5765	-17.82846	352.7037	-17.940080000000002
352.6576	-18.15317	352.7849	-17.80817
352.7387	-18.15317	352.866	-17.858900000000002
352.8199	-17.80817	352.9471	-18.04155
352.901	-17.706690000000002	353.0282	-18.26479
352.9821	-18.02125	353.1093	-18.28508
353.0632	-18.06184	353.1904	-18.0314
353.1443	-17.92993	353.2715	-18.12273
353.2254	-17.66611	353.3527	-18.274929999999998
353.3065	-17.81831	353.4338	-18.00096
353.3877	-17.84875	353.5149	-18.0314
353.4688	-17.96037	353.596	-18.12273
353.5499	-17.99081	353.6771	-18.08214
353.631	-17.858900000000002	353.7582	-17.99081
353.7121	-17.78787	353.8394	-18.092290000000002
353.7932	-18.10243	353.9205	-18.11258
353.8744	-18.12273	354.0016	-18.0314
353.9555	-17.86905	354.0827	-18.19376
354.0366	-17.88934	354.1638	-18.21405
354.1177	-17.92993	354.2449	-18.15317
354.1988	-17.98067	354.326	-18.14302
354.2799	-18.07199	354.4072	-18.34596
354.3611	-17.92993	354.4883	-18.36626
354.4422	-17.838610000000003	354.5694	-17.96037
354.5233	-17.88934	354.6505	-18.04155
354.6044	-18.0517	354.7316	-18.19376
354.6855	-17.86905	354.8127	-17.81831
354.7666	-17.74728	354.8939	-17.858900000000002
354.8477	-17.706690000000002	354.975	-17.798019999999998
354.9289	-17.8792	355.0561	-17.96037
355.01	-17.90964	355.1372	-18.18361
355.0911	-17.86905	355.2183	-18.14302
355.1722	-18.21405	355.2994	-17.76758
355.2533	-18.12273	355.3806	-17.84875
355.3344	-17.706690000000002	355.4617	-18.02125
355.4156	-17.86905	355.5428	-18.07199
355.4967	-17.91978	355.6239	-17.89949
355.5778	-17.84875	355.705	-18.21405
355.6589	-17.90964	355.7861	-17.96037
355.74	-18.011110000000002	355.8672	-17.950229999999998
355.8211	-17.99081	355.9484	-18.07199
355.9023	-17.88934	356.0295	-18.19376
355.9834	-17.81831	356.1106	-18.18361
356.0645	-18.10243	356.1917	-18.08214
356.1456	-18.0314	356.2728	-18.427139999999998
356.2267	-18.08214	356.3539	-18.0314
356.3078	-17.86905	356.4351	-18.0314
356.3889	-18.00096	356.5162	-17.98067
356.4701	-18.11258	356.5973	-17.940080000000002
356.5512	-18.16331	356.6784	-18.011110000000002
356.6323	-17.81831	356.7595	-18.0314
356.7134	-18.00096	356.8406	-18.14302
356.7945	-18.12273	356.9218	-18.10243
356.8756	-18.2039	357.0029	-18.0517
356.9568	-17.78787	357.084	-18.02125
357.0379	-17.77772	357.1651	-17.75743
357.119	-17.86905	357.2462	-17.90964
357.2001	-18.13287	357.3273	-17.92993
357.2812	-18.11258	357.4084	-17.940080000000002
357.3623	-18.12273	357.4896	-17.91978
357.4435	-17.98067	357.5707	-17.858900000000002
357.5246	-18.13287	357.6518	-17.97052
357.6057	-18.11258	357.7329	-18.0314
357.6868	-18.11258	357.814	-18.0517
357.7679	-17.8792	357.8951	-17.98067
357.849	-17.75743	357.9763	-17.75743
357.9301	-17.77772	358.0574	-18.08214
358.0113	-17.99081	358.1385	-18.18361
358.0924	-17.77772	358.2196	-18.011110000000002
358.1735	-17.96037	358.3007	-17.99081
358.2546	-17.89949	358.3818	-17.86905
358.3357	-17.90964	358.463	-18.2242
358.4168	-18.25464	358.5441	-18.3967
358.498	-18.10243	358.6252	-18.30537
358.5791	-18.2039	358.7063	-18.14302
358.6602	-17.80817	358.7874	-17.80817
358.7413	-17.59508	358.8685	-17.838610000000003
358.8224	-18.00096	358.9496	-18.12273
358.9035	-18.00096	359.0308	-18.18361
358.9846	-18.16331	359.1119	-18.21405
359.0658	-18.30537	359.193	-18.24449
359.1469	-17.98067	359.2741	-18.43729
359.228	-18.00096	359.3552	-18.08214
359.3091	-18.13287	359.4363	-17.72699
359.3902	-17.90964	359.5175	-17.96037
359.4713	-18.02125	359.5986	-18.00096
359.5525	-17.940080000000002	359.6797	-18.11258
359.6336	-17.89949	359.7608	-18.04155
359.7147	-17.97052	359.8419	-18.35611
359.7958	-18.07199	359.923	-18.13287
359.8769	-18.14302	360.0042	-18.0517
359.958	-18.2242	360.0853	-18.26479
360.0392	-17.99081	360.1664	-18.26479
360.1203	-17.90964	360.2475	-18.00096
360.2014	-17.8792	360.3286	-18.07199
360.2825	-17.97052	360.4097	-18.26479
360.3636	-18.0314	360.4908	-18.24449
360.4447	-17.89949	360.572	-17.91978
360.5258	-17.686400000000003	360.6531	-18.00096
360.607	-17.706690000000002	360.7342	-18.14302
360.6881	-17.89949	360.8153	-18.092290000000002
360.7692	-17.99081	360.8964	-18.17346
360.8503	-17.88934	360.9775	-17.74728
360.9314	-17.90964	361.0587	-17.858900000000002
361.0125	-18.13287	361.1398	-17.96037
361.0937	-17.88934	361.2209	-18.18361
361.1748	-17.58493	361.302	-18.0314
361.2559	-17.950229999999998	361.3831	-18.02125
361.337	-17.950229999999998	361.4642	-18.18361
361.4181	-18.17346	361.5453	-18.25464
361.4992	-18.0314	361.6265	-18.21405
361.5804	-17.625519999999998	361.7076	-18.06184
361.6615	-17.798019999999998	361.7887	-17.99081
361.7426	-18.06184	361.8698	-17.89949
361.8237	-17.88934	361.9509	-17.90964
361.9048	-18.092290000000002	362.032	-17.858900000000002
361.9859	-18.13287	362.1132	-18.14302
362.067	-17.99081	362.1943	-18.40684
362.1482	-17.72699	362.2754	-18.17346
362.2293	-17.8792	362.3565	-17.91978
362.3104	-17.76758	362.4376	-17.82846
362.3915	-17.89949	362.5187	-17.92993
362.4726	-17.92993	362.5999	-18.011110000000002
362.5537	-17.97052	362.681	-18.12273
362.6349	-18.0314	362.7621	-18.0314
362.716	-17.71684	362.8432	-17.858900000000002
362.7971	-17.686400000000003	362.9243	-17.99081
362.8782	-17.78787	363.0054	-17.77772
362.9593	-17.99081	363.0865	-18.13287
363.0404	-17.88934	363.1677	-18.19376
363.1216	-17.940080000000002	363.2488	-17.88934
363.2027	-17.92993	363.3299	-18.08214
363.2838	-17.8792	363.411	-17.91978
363.3649	-17.91978	363.4921	-17.90964
363.446	-17.798019999999998	363.5732	-18.23434
363.5271	-18.06184	363.6544	-17.99081
363.6082	-18.16331	363.7355	-18.02125
363.6894	-17.80817	363.8166	-18.00096
363.7705	-17.72699	363.8977	-18.14302
363.8516	-17.76758	363.9788	-18.07199
363.9327	-17.91978	364.0599	-18.2039
364.0138	-17.8792	364.1411	-17.96037
364.0949	-17.92993	364.2222	-17.940080000000002
364.1761	-17.81831	364.3033	-18.10243
364.2572	-17.75743	364.3844	-18.31552
364.3383	-18.06184	364.4655	-18.15317
364.4194	-17.858900000000002	364.5466	-18.06184
364.5005	-17.940080000000002	364.6277	-18.19376
364.5816	-18.02125	364.7089	-17.940080000000002
364.6628	-17.81831	364.79	-18.17346
364.7439	-17.89949	364.8711	-18.18361
364.825	-18.12273	364.9522	-18.13287
364.9061	-17.99081	365.0333	-18.04155
364.9872	-17.88934	365.1144	-18.00096
365.0683	-17.858900000000002	365.1956	-18.04155
365.1494	-17.88934	365.2767	-17.89949
365.2306	-17.88934	365.3578	-17.8792
365.3117	-17.90964	365.4389	-18.13287
365.3928	-17.67625	365.52	-18.0517
365.4739	-17.798019999999998	365.6011	-18.13287
365.555	-18.11258	365.6823	-18.06184
365.6361	-17.99081	365.7634	-18.00096
365.7173	-18.00096	365.8445	-18.02125
365.7984	-17.99081	365.9256	-17.69655
365.8795	-18.02125	366.0067	-17.90964
365.9606	-17.72699	366.0878	-18.15317
366.0417	-17.81831	366.1689	-18.16331
366.1228	-17.97052	366.2501	-18.21405
366.2039	-17.56464	366.3312	-18.11258
366.2851	-17.82846	366.4123	-17.66611
366.3662	-17.89949	366.4934	-17.99081
366.4473	-17.92993	366.5745	-18.10243
366.5284	-17.86905	366.6556	-17.858900000000002
366.6095	-17.92993	366.7368	-17.98067
366.6906	-18.04155	366.8179	-18.24449
366.7718	-17.88934	366.899	-18.15317
366.8529	-17.78787	366.9801	-18.15317
366.934	-18.12273	367.0612	-18.17346
367.0151	-17.798019999999998	367.1423	-18.12273
367.0962	-17.381990000000002	367.2234	-18.07199
367.1773	-17.71684	367.3046	-18.19376
367.2585	-18.07199	367.3857	-18.2242
367.3396	-17.92993	367.4668	-18.0517
367.4207	-18.00096	367.5479	-18.011110000000002
367.5018	-17.798019999999998	367.629	-18.011110000000002
367.5829	-17.97052	367.7101	-17.86905
367.664	-18.13287	367.7913	-18.11258
367.7451	-17.88934	367.8724	-18.04155
367.8263	-17.80817	367.9535	-18.14302
367.9074	-17.80817	368.0346	-17.98067
367.9885	-17.78787	368.1157	-17.8792
368.0696	-17.82846	368.1968	-17.82846
368.1507	-17.91978	368.278	-18.29523
368.2318	-17.72699	368.3591	-18.30537
368.313	-17.89949	368.4402	-17.940080000000002
368.3941	-18.08214	368.5213	-18.10243
368.4752	-17.75743	368.6024	-18.29523
368.5563	-17.60522	368.6835	-17.98067
368.6374	-17.86905	368.7646	-18.06184
368.7185	-17.58493	368.8458	-17.92993
368.7997	-17.798019999999998	368.9269	-18.02125
368.8808	-17.69655	369.008	-17.96037
368.9619	-17.63567	369.0891	-17.97052
369.043	-17.89949	369.1702	-18.24449
369.1241	-18.18361	369.2513	-18.24449
369.2052	-17.80817	369.3325	-17.940080000000002
369.2863	-17.8792	369.4136	-17.88934
369.3675	-17.798019999999998	369.4947	-18.06184
369.4486	-18.02125	369.5758	-18.13287
369.5297	-18.0517	369.6569	-18.0314
369.6108	-18.08214	369.738	-17.99081
369.6919	-17.96037	369.8192	-18.11258
369.773	-18.0314	369.9003	-17.99081
369.8542	-17.86905	369.9814	-18.07199
369.9353	-17.96037	370.0625	-18.04155
370.0164	-17.61537	370.1436	-18.0517
370.0975	-17.66611	370.2247	-18.30537
370.1786	-17.50375	370.3058	-18.092290000000002
370.2597	-17.838610000000003	370.387	-18.14302
370.3409	-17.838610000000003	370.4681	-18.0517
370.422	-17.84875	370.5492	-17.8792
370.5031	-18.00096	370.6303	-17.86905
370.5842	-17.99081	370.7114	-17.940080000000002
370.6653	-17.96037	370.7925	-18.15317
370.7464	-17.91978	370.8737	-18.15317
370.8275	-17.72699	370.9548	-17.940080000000002
370.9087	-17.73714	371.0359	-17.72699
370.9898	-17.798019999999998	371.117	-18.00096
371.0709	-17.950229999999998	371.1981	-18.24449
371.152	-17.858900000000002	371.2792	-18.19376
371.2331	-18.0314	371.3604	-17.686400000000003
371.3142	-18.092290000000002	371.4415	-17.75743
371.3954	-18.07199	371.5226	-17.950229999999998
371.4765	-17.86905	371.6037	-17.940080000000002
371.5576	-17.90964	371.6848	-18.13287
371.6387	-17.75743	371.7659	-17.838610000000003
371.7198	-17.58493	371.847	-17.97052
371.8009	-17.77772	371.9282	-17.96037
371.882	-17.91978	372.0093	-17.92993
371.9632	-17.69655	372.0904	-18.21405
372.0443	-17.74728	372.1715	-17.92993
372.1254	-18.26479	372.2526	-17.92993
372.2065	-17.858900000000002	372.3337	-18.02125
372.2876	-17.45302	372.4149	-18.0517
372.3687	-18.011110000000002	372.496	-18.011110000000002
372.4499	-17.838610000000003	372.5771	-18.0314
372.531	-18.08214	372.6582	-17.98067
372.6121	-17.940080000000002	372.7393	-17.78787
372.6932	-17.77772	372.8204	-17.940080000000002
372.7743	-17.77772	372.9016	-18.02125
372.8554	-17.78787	372.9827	-18.0517
372.9366	-17.60522	373.0638	-18.0314
373.0177	-17.77772	373.1449	-17.81831
373.0988	-17.625519999999998	373.226	-17.98067
373.1799	-17.706690000000002	373.3071	-18.08214
373.261	-17.8792	373.3882	-18.092290000000002
373.3421	-17.88934	373.4694	-18.12273
373.4232	-17.71684	373.5505	-18.07199
373.5044	-17.625519999999998	373.6316	-18.07199
373.5855	-17.67625	373.7127	-18.07199
373.6666	-17.90964	373.7938	-18.00096
373.7477	-17.858900000000002	373.8749	-17.98067
373.8288	-17.81831	373.9561	-17.92993
373.9099	-17.798019999999998	374.0372	-18.31552
373.9911	-17.69655	374.1183	-18.23434
374.0722	-17.74728	374.1994	-18.04155
374.1533	-17.706690000000002	374.2805	-17.940080000000002
374.2344	-17.73714	374.3616	-17.8792
374.3155	-17.84875	374.4427	-17.78787
374.3966	-17.706690000000002	374.5239	-18.092290000000002
374.4778	-18.13287	374.605	-18.26479
374.5589	-17.99081	374.6861	-17.98067
374.64	-18.0517	374.7672	-17.89949
374.7211	-18.06184	374.8483	-18.02125
374.8022	-18.2039	374.9294	-18.2039
374.8833	-17.798019999999998	375.0106	-18.11258
374.9644	-17.798019999999998	375.0917	-17.97052
375.0456	-17.69655	375.1728	-17.89949
375.1267	-17.58493	375.2539	-17.67625
375.2078	-17.72699	375.335	-18.12273
375.2889	-17.86905	375.4161	-17.97052
375.37	-17.54434	375.4973	-17.97052
375.4511	-17.69655	375.5784	-18.25464
375.5323	-17.56464	375.6595	-18.04155
375.6134	-17.80817	375.7406	-18.04155
375.6945	-17.86905	375.8217	-17.78787
375.7756	-17.91978	375.9028	-17.940080000000002
375.8567	-18.011110000000002	375.9839	-17.706690000000002
375.9378	-18.02125	376.0651	-17.73714
376.019	-17.71684	376.1462	-18.08214
376.1001	-17.72699	376.2273	-18.00096
376.1812	-17.86905	376.3084	-18.10243
376.2623	-17.84875	376.3895	-17.92993
376.3434	-17.86905	376.4706	-17.858900000000002
376.4245	-17.88934	376.5518	-17.80817
376.5056	-17.88934	376.6329	-17.96037
376.5868	-17.86905	376.714	-17.84875
376.6679	-18.23434	376.7951	-18.11258
376.749	-18.07199	376.8762	-18.274929999999998
376.8301	-17.80817	376.9573	-18.24449
376.9112	-17.86905	377.0385	-18.08214
376.9923	-17.90964	377.1196	-17.98067
377.0735	-17.858900000000002	377.2007	-17.98067
377.1546	-17.75743	377.2818	-17.84875
377.2357	-17.838610000000003	377.3629	-17.798019999999998
377.3168	-17.96037	377.444	-17.75743
377.3979	-17.76758	377.5251	-17.84875
377.479	-17.89949	377.6063	-17.82846
377.5602	-17.80817	377.6874	-17.88934
377.6413	-17.82846	377.7685	-17.98067
377.7224	-17.940080000000002	377.8496	-17.798019999999998
377.8035	-17.89949	377.9307	-17.950229999999998
377.8846	-17.88934	378.0118	-18.04155
377.9657	-17.78787	378.093	-17.92993
378.0468	-17.92993	378.1741	-17.97052
378.128	-17.90964	378.2552	-17.90964
378.2091	-17.706690000000002	378.3363	-17.97052
378.2902	-17.73714	378.4174	-17.86905
378.3713	-17.82846	378.4985	-17.74728
378.4524	-18.011110000000002	378.5797	-17.57478
378.5335	-17.96037	378.6608	-17.686400000000003
378.6147	-17.686400000000003	378.7419	-17.838610000000003
378.6958	-17.798019999999998	378.823	-17.80817
378.7769	-17.8792	378.9041	-17.858900000000002
378.858	-17.81831	378.9852	-17.78787
378.9391	-17.940080000000002	379.0663	-17.798019999999998
379.0202	-18.0314	379.1475	-17.80817
379.1013	-18.0517	379.2286	-17.72699
379.1825	-17.76758	379.3097	-18.14302
379.2636	-17.706690000000002	379.3908	-17.74728
379.3447	-17.69655	379.4719	-17.74728
379.4258	-17.66611	379.553	-17.838610000000003
379.5069	-17.88934	379.6342	-17.82846
379.588	-17.858900000000002	379.7153	-18.07199
379.6692	-17.625519999999998	379.7964	-17.97052
379.7503	-17.645809999999997	379.8775	-18.18361
379.8314	-17.858900000000002	379.9586	-17.950229999999998
379.9125	-17.81831	380.0397	-18.092290000000002
379.9936	-17.88934	380.1208	-18.15317
380.0747	-17.858900000000002	380.202	-17.686400000000003
380.1559	-17.67625	380.2831	-17.89949
380.237	-17.91978	380.3642	-18.16331
380.3181	-17.838610000000003	380.4453	-17.706690000000002
380.3992	-17.66611	380.5264	-17.78787
380.4803	-17.92993	380.6075	-18.0314
380.5614	-17.91978	380.6887	-18.092290000000002
380.6425	-17.65596	380.7698	-18.11258
380.7237	-17.72699	380.8509	-17.84875
380.8048	-17.74728	380.932	-17.84875
380.8859	-17.88934	381.0131	-18.10243
380.967	-17.84875	381.0942	-18.07199
381.0481	-17.8792	381.1754	-17.96037
381.1292	-18.02125	381.2565	-18.04155
381.2104	-17.82846	381.3376	-17.81831
381.2915	-17.63567	381.4187	-17.66611
381.3726	-17.65596	381.4998	-17.88934
381.4537	-18.11258	381.5809	-17.75743
381.5348	-17.89949	381.662	-17.645809999999997
381.6159	-17.96037	381.7432	-17.75743
381.6971	-17.77772	381.8243	-17.80817
381.7782	-17.66611	381.9054	-17.86905
381.8593	-17.80817	381.9865	-18.07199
381.9404	-17.81831	382.0676	-18.3967
382.0215	-18.15317	382.1487	-18.00096
382.1026	-17.96037	382.2299	-17.78787
382.1837	-17.84875	382.311	-17.98067
382.2649	-17.97052	382.3921	-18.06184
382.346	-17.86905	382.4732	-17.798019999999998
382.4271	-17.84875	382.5543	-17.706690000000002
382.5082	-17.86905	382.6354	-18.02125
382.5893	-17.98067	382.7166	-17.97052
382.6704	-17.80817	382.7977	-17.98067
382.7516	-17.950229999999998	382.8788	-18.011110000000002
382.8327	-17.645809999999997	382.9599	-18.011110000000002
382.9138	-17.78787	383.041	-18.00096
382.9949	-17.81831	383.1221	-17.98067
383.076	-17.96037	383.2032	-17.57478
383.1571	-17.80817	383.2844	-17.80817
383.2383	-17.858900000000002	383.3655	-17.97052
383.3194	-18.011110000000002	383.4466	-17.75743
383.4005	-17.76758	383.5277	-18.16331
383.4816	-17.838610000000003	383.6088	-18.2039
383.5627	-17.86905	383.6899	-17.89949
383.6438	-17.950229999999998	383.7711	-18.02125
383.7249	-17.67625	383.8522	-17.99081
383.8061	-17.66611	383.9333	-17.80817
383.8872	-17.98067	384.0144	-17.96037
383.9683	-17.98067	384.0955	-18.07199
384.0494	-18.2039	384.1766	-18.24449
384.1305	-18.04155	384.2578	-17.97052
384.2116	-18.011110000000002	384.3389	-17.60522
384.2928	-18.07199	384.42	-18.13287
384.3739	-17.940080000000002	384.5011	-17.798019999999998
384.455	-17.81831	384.5822	-17.67625
384.5361	-18.0517	384.6633	-17.80817
384.6172	-17.91978	384.7444	-17.8792
384.6983	-17.72699	384.8256	-17.838610000000003
384.7794	-17.72699	384.9067	-17.74728
384.8606	-17.60522	384.9878	-18.17346
384.9417	-17.74728	385.0689	-17.89949
385.0228	-17.99081	385.15	-18.06184
385.1039	-17.73714	385.2311	-17.96037
385.185	-17.81831	385.3123	-17.89949
385.2661	-17.75743	385.3934	-17.798019999999998
385.3473	-17.90964	385.4745	-17.81831
385.4284	-17.86905	385.5556	-17.5139
385.5095	-17.97052	385.6367	-17.463160000000002
385.5906	-17.98067	385.7178	-17.71684
385.6717	-17.91978	385.799	-17.645809999999997
385.7528	-17.67625	385.8801	-17.82846
385.834	-17.71684	385.9612	-18.21405
385.9151	-17.89949	386.0423	-18.02125
385.9962	-17.76758	386.1234	-17.706690000000002
386.0773	-17.55449	386.2045	-17.82846
386.1584	-18.10243	386.2856	-17.84875
386.2395	-18.19376	386.3668	-17.940080000000002
386.3206	-18.08214	386.4479	-17.92993
386.4018	-17.77772	386.529	-17.950229999999998
386.4829	-17.67625	386.6101	-18.011110000000002
386.564	-17.940080000000002	386.6912	-18.0517
386.6451	-17.92993	386.7723	-17.858900000000002
386.7262	-17.77772	386.8535	-17.77772
386.8073	-17.75743	386.9346	-17.76758
386.8885	-17.82846	387.0157	-17.78787
386.9696	-17.534190000000002	387.0968	-17.92993
387.0507	-17.43272	387.1779	-18.08214
387.1318	-17.81831	387.259	-17.91978
387.2129	-17.71684	387.3401	-18.06184
387.294	-17.63567	387.4213	-18.23434
387.3752	-18.011110000000002	387.5024	-17.88934
387.4563	-17.92993	387.5835	-17.88934
387.5374	-17.90964	387.6646	-17.77772
387.6185	-17.72699	387.7457	-17.81831
387.6996	-17.798019999999998	387.8268	-17.82846
387.7807	-18.06184	387.908	-17.98067
387.8618	-17.89949	387.9891	-17.8792
387.943	-17.645809999999997	388.0702	-17.80817
388.0241	-17.76758	388.1513	-17.99081
388.1052	-17.84875	388.2324	-18.274929999999998
388.1863	-18.11258	388.3135	-18.11258
388.2674	-17.858900000000002	388.3947	-18.10243
388.3485	-17.686400000000003	388.4758	-17.686400000000003
388.4297	-17.838610000000003	388.5569	-17.72699
388.5108	-17.8792	388.638	-17.77772
388.5919	-17.80817	388.7191	-17.84875
388.673	-17.625519999999998	388.8002	-17.88934
388.7541	-17.92993	388.8813	-17.838610000000003
388.8352	-18.0517	388.9625	-17.86905
388.9164	-17.84875	389.0436	-17.74728
388.9975	-17.86905	389.1247	-17.82846
389.0786	-17.91978	389.2058	-18.02125
389.1597	-17.858900000000002	389.2869	-17.950229999999998
389.2408	-17.71684	389.368	-17.798019999999998
389.3219	-18.00096	389.4492	-17.96037
389.403	-18.011110000000002	389.5303	-17.78787
389.4842	-17.59508	389.6114	-17.76758
389.5653	-17.66611	389.6925	-17.625519999999998
389.6464	-17.798019999999998	389.7736	-17.81831
389.7275	-17.706690000000002	389.8547	-17.940080000000002
389.8086	-17.82846	389.9359	-17.838610000000003
389.8897	-17.81831	390.017	-18.02125
389.9709	-17.97052	390.0981	-17.89949
390.052	-18.011110000000002	390.1792	-17.96037
390.1331	-17.74728	390.2603	-17.90964
390.2142	-17.686400000000003	390.3414	-18.0314
390.2953	-17.77772	390.4225	-17.97052
390.3764	-17.81831	390.5037	-18.35611
390.4576	-17.80817	390.5848	-17.858900000000002
390.5387	-17.63567	390.6659	-17.78787
390.6198	-17.77772	390.747	-17.78787
390.7009	-17.72699	390.8281	-17.65596
390.782	-17.940080000000002	390.9092	-17.858900000000002
390.8631	-17.76758	390.9904	-18.07199
390.9442	-17.78787	391.0715	-18.04155
391.0254	-17.686400000000003	391.1526	-18.00096
391.1065	-17.43272	391.2337	-17.940080000000002
391.1876	-17.67625	391.3148	-17.88934
391.2687	-17.73714	391.3959	-17.91978
391.3498	-17.91978	391.4771	-17.90964
391.4309	-17.77772	391.5582	-17.706690000000002
391.5121	-17.838610000000003	391.6393	-17.798019999999998
391.5932	-17.91978	391.7204	-17.81831
391.6743	-17.56464	391.8015	-17.858900000000002
391.7554	-17.60522	391.8826	-17.8792
391.8365	-17.950229999999998	391.9637	-17.940080000000002
391.9176	-17.8792	392.0449	-18.011110000000002
391.9987	-17.69655	392.126	-17.90964
392.0799	-17.92993	392.2071	-17.54434
392.161	-17.91978	392.2882	-17.99081
392.2421	-17.858900000000002	392.3693	-18.08214
392.3232	-18.08214	392.4504	-17.78787
392.4043	-17.950229999999998	392.5316	-17.98067
392.4854	-17.49361	392.6127	-18.0517
392.5666	-17.75743	392.6938	-18.2039
392.6477	-17.75743	392.7749	-17.90964
392.7288	-17.625519999999998	392.856	-18.011110000000002
392.8099	-17.66611	392.9371	-17.86905
392.891	-17.59508	393.0182	-17.84875
392.9721	-17.88934	393.0994	-18.14302
393.0533	-17.940080000000002	393.1805	-18.011110000000002
393.1344	-17.81831	393.2616	-17.706690000000002
393.2155	-17.77772	393.3427	-17.72699
393.2966	-17.77772	393.42380000000003	-17.76758
393.3777	-17.80817	393.5049	-17.61537
393.4588	-17.858900000000002	393.5861	-17.625519999999998
393.5399	-17.67625	393.6672	-17.78787
393.6211	-17.78787	393.7483	-18.0517
393.7022	-17.88934	393.8294	-18.11258
393.7833	-17.75743	393.9105	-17.99081
393.8644	-17.73714	393.9916	-17.98067
393.9455	-17.77772	394.0728	-17.90964
394.0266	-17.645809999999997	394.1539	-17.78787
394.1078	-17.61537	394.235	-17.78787
394.1889	-17.5139	394.3161	-17.798019999999998
394.27	-17.645809999999997	394.3972	-17.73714
394.3511	-17.88934	394.4783	-17.89949
394.4322	-17.74728	394.5594	-17.96037
394.5133	-17.76758	394.6406	-18.06184
394.5945	-17.71684	394.7217	-17.99081
394.6756	-17.67625	394.8028	-17.73714
394.7567	-17.625519999999998	394.8839	-17.84875
394.8378	-17.74728	394.965	-17.74728
394.9189	-17.73714	395.0461	-17.645809999999997
395	-17.78787	395.1273	-17.96037
395.0811	-17.74728	395.2084	-17.97052
395.1623	-17.61537	395.2895	-17.75743
395.2434	-17.86905	395.3706	-17.8792
395.3245	-17.74728	395.4517	-17.89949
395.4056	-17.838610000000003	395.5328	-18.13287
395.4867	-17.76758	395.614	-17.96037
395.5678	-17.86905	395.6951	-17.74728
395.649	-18.0314	395.7762	-17.72699
395.7301	-18.02125	395.8573	-17.88934
395.8112	-17.534190000000002	395.9384	-17.86905
395.8923	-17.96037	396.0195	-17.838610000000003
395.9734	-18.26479	396.1006	-17.72699
396.0545	-18.00096	396.1818	-17.81831
396.1357	-17.56464	396.2629	-17.89949
396.2168	-17.81831	396.344	-17.92993
396.2979	-17.74728	396.4251	-18.12273
396.379	-17.89949	396.5062	-18.15317
396.4601	-17.940080000000002	396.5873	-18.04155
396.5412	-17.98067	396.6685	-18.07199
396.6223	-17.75743	396.7496	-18.07199
396.7035	-17.61537	396.8307	-17.49361
396.7846	-17.96037	396.9118	-17.88934
396.8657	-17.76758	396.9929	-18.0314
396.9468	-17.49361	397.074	-17.97052
397.0279	-17.41243	397.1552	-17.706690000000002
397.109	-17.56464	397.23630000000003	-17.78787
397.1902	-17.534190000000002	397.3174	-17.97052
397.2713	-17.72699	397.3985	-17.940080000000002
397.3524	-17.82846	397.4796	-17.90964
397.4335	-17.858900000000002	397.5607	-17.686400000000003
397.5146	-17.97052	397.6418	-17.706690000000002
397.5957	-17.84875	397.723	-17.84875
397.6768	-17.625519999999998	397.8041	-18.15317
397.758	-17.74728	397.8852	-18.14302
397.8391	-17.89949	397.9663	-17.81831
397.9202	-17.858900000000002	398.0474	-17.798019999999998
398.0013	-17.80817	398.1285	-17.88934
398.0824	-17.59508	398.2097	-17.75743
398.1635	-17.75743	398.2908	-17.89949
398.2447	-17.838610000000003	398.3719	-17.61537
398.3258	-17.75743	398.453	-17.63567
398.4069	-17.71684	398.5341	-17.92993
398.488	-17.72699	398.6152	-17.8792
398.5691	-17.88934	398.6964	-17.798019999999998
398.6502	-17.71684	398.7775	-17.5139
398.7314	-17.73714	398.8586	-17.81831
398.8125	-17.56464	398.9397	-17.63567
398.8936	-17.77772	399.0208	-17.74728
398.9747	-17.82846	399.1019	-17.71684
399.0558	-17.57478	399.183	-17.625519999999998
399.1369	-17.381990000000002	399.2642	-17.71684
399.218	-17.645809999999997	399.3453	-17.73714
399.2992	-17.76758	399.4264	-17.940080000000002
399.3803	-17.43272	399.5075	-17.80817
399.4614	-17.473309999999998	399.5886	-17.69655
399.5425	-17.73714	399.6697	-17.58493
399.6236	-17.88934	399.7509	-17.99081
399.7047	-17.838610000000003	399.832	-17.77772
399.7859	-18.00096	399.9131	-18.0517
399.867	-17.89949	399.9942	-18.08214
399.9481	-17.88934	400.0753	-17.96037
400.0292	-17.706690000000002	400.1564	-17.65596
400.1103	-17.78787	400.2375	-17.71684
400.1914	-17.80817	400.3187	-17.43272
400.2726	-17.82846	400.3998	-17.67625
400.3537	-17.74728	400.4809	-17.72699
400.4348	-17.86905	400.562	-18.02125
400.5159	-18.011110000000002	400.6431	-17.91978
400.597	-17.950229999999998	400.7242	-18.0517
400.6781	-17.625519999999998	400.8054	-18.12273
400.7592	-17.55449	400.8865	-17.75743
400.8404	-17.88934	400.9676	-18.23434
400.9215	-17.625519999999998	401.0487	-18.04155
401.0026	-17.56464	401.1298	-18.17346
401.0837	-17.67625	401.2109	-17.84875
401.1648	-18.0517	401.2921	-17.86905
401.2459	-17.86905	401.3732	-17.72699
401.3271	-17.69655	401.4543	-17.50375
401.4082	-17.838610000000003	401.5354	-17.838610000000003
401.4893	-17.76758	401.6165	-17.97052
401.5704	-17.686400000000003	401.6976	-17.66611
401.6515	-17.838610000000003	401.7787	-17.73714
401.7326	-17.67625	401.8599	-17.90964
401.8138	-17.75743	401.941	-17.81831
401.8949	-18.16331	402.0221	-17.81831
401.976	-17.81831	402.1032	-17.72699
402.0571	-17.75743	402.1843	-17.71684
402.1382	-17.71684	402.2654	-17.91978
402.2193	-17.52405	402.3466	-17.74728
402.3004	-17.686400000000003	402.4277	-17.838610000000003
402.3816	-17.73714	402.5088	-17.67625
402.4627	-17.798019999999998	402.5899	-17.96037
402.5438	-17.798019999999998	402.671	-17.8792
402.6249	-17.81831	402.7521	-17.67625
402.706	-17.65596	402.8333	-17.99081
402.7871	-17.838610000000003	402.9144	-17.86905
402.8683	-17.88934	402.9955	-17.78787
402.9494	-18.0517	403.0766	-17.89949
403.0305	-17.71684	403.1577	-17.90964
403.1116	-17.686400000000003	403.2388	-17.92993
403.1927	-17.67625	403.3199	-17.49361
403.2738	-17.534190000000002	403.4011	-17.65596
403.3549	-17.63567	403.4822	-17.8792
403.4361	-17.71684	403.5633	-17.71684
403.5172	-17.625519999999998	403.6444	-17.80817
403.5983	-17.52405	403.7255	-17.96037
403.6794	-17.838610000000003	403.8066	-17.96037
403.7605	-17.49361	403.8878	-17.88934
403.8416	-17.5139	403.9689	-17.86905
403.9228	-17.72699	404.05	-17.89949
404.0039	-17.89949	404.1311	-17.72699
404.085	-18.0314	404.2122	-17.81831
404.1661	-17.8792	404.2933	-18.06184
404.2472	-18.00096	404.3745	-17.75743
404.3283	-17.88934	404.4556	-17.71684
404.4095	-17.69655	404.5367	-17.66611
404.4906	-18.06184	404.6178	-17.84875
404.5717	-18.12273	404.6989	-17.798019999999998
404.6528	-18.25464	404.78	-18.11258
404.7339	-17.8792	404.8611	-18.13287
404.815	-17.858900000000002	404.9423	-17.75743
404.8961	-17.72699	405.0234	-17.71684
404.9773	-17.69655	405.1045	-17.80817
405.0584	-17.73714	405.1856	-17.798019999999998
405.1395	-17.58493	405.2667	-17.82846
405.2206	-17.58493	405.3478	-17.86905
405.3017	-17.59508	405.429	-17.625519999999998
405.3828	-17.950229999999998	405.5101	-17.55449
405.464	-18.07199	405.5912	-17.44287
405.5451	-17.73714	405.6723	-17.858900000000002
405.6262	-17.90964	405.7534	-17.798019999999998
405.7073	-17.838610000000003	405.8345	-17.72699
405.7884	-17.74728	405.9156	-17.838610000000003
405.8695	-17.67625	405.9968	-17.78787
405.9507	-17.66611	406.0779	-17.76758
406.0318	-17.74728	406.159	-17.65596
406.1129	-17.66611	406.2401	-17.74728
406.194	-17.473309999999998	406.3212	-17.73714
406.2751	-17.5139	406.4023	-17.625519999999998
406.3562	-17.706690000000002	406.4835	-18.17346
406.4373	-17.84875	406.5646	-17.76758
406.5185	-17.65596	406.6457	-17.69655
406.5996	-17.645809999999997	406.7268	-18.092290000000002
406.6807	-17.77772	406.8079	-18.02125
406.7618	-18.011110000000002	406.889	-17.645809999999997
406.8429	-17.798019999999998	406.9702	-17.50375
406.924	-17.66611	407.0513	-17.686400000000003
407.0052	-17.798019999999998	407.1324	-17.74728
407.0863	-17.97052	407.2135	-17.686400000000003
407.1674	-17.63567	407.2946	-17.84875
407.2485	-17.90964	407.3757	-17.99081
407.3296	-17.75743	407.4568	-18.0314
407.4107	-17.72699	407.538	-17.940080000000002
407.4919	-17.91978	407.6191	-17.92993
407.573	-17.463160000000002	407.7002	-17.88934
407.6541	-17.67625	407.7813	-18.16331
407.7352	-17.321099999999998	407.8624	-17.950229999999998
407.8163	-17.686400000000003	407.9435	-18.02125
407.8974	-18.011110000000002	408.0247	-17.84875
407.9785	-17.77772	408.1058	-17.858900000000002
408.0597	-17.67625	408.1869	-18.08214
408.1408	-17.86905	408.268	-18.13287
408.2219	-17.77772	408.3491	-17.88934
408.303	-17.66611	408.4302	-17.89949
408.3841	-17.73714	408.5114	-17.78787
408.4652	-17.58493	408.5925	-17.686400000000003
408.5464	-17.625519999999998	408.6736	-17.838610000000003
408.6275	-17.8792	408.7547	-17.96037
408.7086	-17.71684	408.8358	-17.72699
408.7897	-17.88934	408.9169	-17.71684
408.8708	-17.950229999999998	408.998	-17.706690000000002
408.9519	-17.71684	409.0792	-17.74728
409.0331	-17.71684	409.1603	-17.72699
409.1142	-17.75743	409.2414	-18.15317
409.1953	-17.838610000000003	409.3225	-17.91978
409.2764	-17.67625	409.4036	-17.80817
409.3575	-17.50375	409.4847	-17.77772
409.4386	-17.72699	409.5659	-17.80817
409.5197	-17.81831	409.647	-17.86905
409.6009	-17.8792	409.7281	-17.81831
409.682	-17.58493	409.8092	-17.8792
409.7631	-17.56464	409.8903	-17.78787
409.8442	-17.75743	409.9714	-17.78787
409.9253	-17.97052	410.0526	-17.78787
410.0064	-17.940080000000002	410.1337	-17.75743
410.0876	-17.706690000000002	410.2148	-17.71684
410.1687	-17.69655	410.2959	-18.00096
410.2498	-17.75743	410.377	-18.092290000000002
410.3309	-17.58493	410.4581	-17.82846
410.412	-17.56464	410.5392	-17.84875
410.4931	-17.86905	410.6204	-17.58493
410.5742	-17.99081	410.7015	-17.43272
410.6554	-18.15317	410.7826	-17.57478
410.7365	-17.69655	410.8637	-17.73714
410.8176	-17.77772	410.9448	-17.706690000000002
410.8987	-17.71684	411.0259	-17.858900000000002
410.9798	-17.80817	411.1071	-17.706690000000002
411.0609	-17.858900000000002	411.1882	-17.77772
411.1421	-17.90964	411.2693	-17.61537
411.2232	-17.645809999999997	411.3504	-17.67625
411.3043	-17.74728	411.4315	-17.82846
411.3854	-17.69655	411.5126	-17.77772
411.4665	-17.63567	411.5938	-17.686400000000003
411.5476	-17.60522	411.6749	-17.65596
411.6288	-17.71684	411.756	-17.838610000000003
411.7099	-17.838610000000003	411.8371	-17.92993
411.791	-17.78787	411.9182	-17.99081
411.8721	-17.67625	411.9993	-18.11258
411.9532	-17.55449	412.0804	-18.04155
412.0343	-17.58493	412.1616	-17.82846
412.1154	-17.71684	412.2427	-17.76758
412.1966	-17.57478	412.3238	-17.81831
412.2777	-17.75743	412.4049	-17.838610000000003
412.3588	-17.67625	412.486	-17.71684
412.4399	-17.625519999999998	412.5671	-17.82846
412.521	-17.61537	412.6483	-17.69655
412.6021	-17.69655	412.7294	-17.88934
412.6833	-17.96037	412.8105	-17.55449
412.7644	-17.78787	412.8916	-17.49361
412.8455	-17.86905	412.9727	-17.76758
412.9266	-17.92993	413.0538	-17.71684
413.0077	-18.10243	413.1349	-17.71684
413.0888	-17.84875	413.2161	-17.8792
413.17	-17.81831	413.2972	-17.66611
413.2511	-17.88934	413.3783	-17.65596
413.3322	-17.798019999999998	413.4594	-17.77772
413.4133	-17.63567	413.5405	-17.92993
413.4944	-17.81831	413.6216	-17.940080000000002
413.5755	-17.92993	413.7028	-17.92993
413.6566	-18.07199	413.7839	-17.81831
413.7378	-17.84875	413.865	-17.69655
413.8189	-17.798019999999998	413.9461	-17.838610000000003
413.9	-18.02125	414.0272	-18.06184
413.9811	-18.0517	414.1083	-18.02125
414.0622	-17.645809999999997	414.1895	-17.88934
414.1433	-17.66611	414.2706	-17.71684
414.2245	-17.90964	414.3517	-17.73714
414.3056	-17.92993	414.4328	-17.686400000000003
414.3867	-18.011110000000002	414.5139	-17.72699
414.4678	-17.82846	414.595	-17.686400000000003
414.5489	-17.80817	414.6761	-17.66611
414.63	-17.77772	414.7573	-17.59508
414.7112	-17.838610000000003	414.8384	-17.69655
414.7923	-17.798019999999998	414.9195	-17.76758
414.8734	-17.96037	415.0006	-17.84875
414.9545	-17.90964	415.0817	-18.13287
415.0356	-17.950229999999998	415.1628	-17.81831
415.1167	-17.66611	415.244	-17.77772
415.1978	-17.86905	415.3251	-17.5139
415.279	-17.97052	415.4062	-17.71684
415.3601	-17.77772	415.4873	-17.88934
415.4412	-17.77772	415.5684	-17.61537
415.5223	-18.16331	415.6495	-17.49361
415.6034	-17.72699	415.7307	-17.55449
415.6845	-17.80817	415.8118	-17.61537
415.7657	-17.96037	415.8929	-17.798019999999998
415.8468	-17.82846	415.974	-17.74728
415.9279	-17.60522	416.0551	-17.90964
416.009	-17.78787	416.1362	-17.77772
416.0901	-18.04155	416.2173	-17.73714
416.1712	-17.82846	416.2985	-17.940080000000002
416.2523	-17.55449	416.3796	-17.706690000000002
416.3335	-17.625519999999998	416.4607	-17.77772
416.4146	-17.686400000000003	416.5418	-17.98067
416.4957	-17.77772	416.6229	-17.8792
416.5768	-17.50375	416.704	-17.89949
416.6579	-17.950229999999998	416.7852	-17.950229999999998
416.739	-17.91978	416.8663	-17.77772
416.8202	-17.73714	416.9474	-17.706690000000002
416.9013	-18.04155	417.0285	-17.798019999999998
416.9824	-18.08214	417.1096	-17.88934
417.0635	-17.80817	417.1907	-17.625519999999998
417.1446	-17.8792	417.2719	-17.61537
417.2257	-18.07199	417.353	-17.76758
417.3069	-17.645809999999997	417.4341	-17.97052
417.388	-17.75743	417.5152	-17.77772
417.4691	-17.76758	417.5963	-17.66611
417.5502	-17.67625	417.6774	-17.77772
417.6313	-17.798019999999998	417.7585	-17.55449
417.7124	-17.77772	417.8397	-18.06184
417.7935	-17.82846	417.9208	-17.81831
417.8747	-17.798019999999998	418.0019	-17.99081
417.9558	-17.82846	418.083	-18.18361
418.0369	-17.76758	418.1641	-17.858900000000002
418.118	-17.71684	418.2452	-17.66611
418.1991	-17.72699	418.3264	-17.90964
418.2802	-17.89949	418.4075	-17.71684
418.3614	-17.69655	418.4886	-17.60522
418.4425	-17.55449	418.5697	-17.65596
418.5236	-17.67625	418.6508	-17.61537
418.6047	-17.78787	418.7319	-17.90964
418.6858	-17.74728	418.813	-17.838610000000003
418.7669	-17.798019999999998	418.8942	-17.625519999999998
418.8481	-17.73714	418.9753	-17.940080000000002
418.9292	-17.838610000000003	419.0564	-17.92993
419.0103	-17.69655	419.1375	-17.96037
419.0914	-17.57478	419.2186	-17.81831
419.1725	-17.54434	419.2997	-17.67625
419.2536	-17.75743	419.3809	-17.82846
419.3347	-17.60522	419.462	-17.61537
419.4159	-17.706690000000002	419.5431	-17.798019999999998
419.497	-17.838610000000003	419.6242	-18.13287
419.5781	-17.71684	419.7053	-18.06184
419.6592	-17.798019999999998	419.7864	-18.02125
419.7403	-17.78787	419.8676	-17.858900000000002
419.8214	-17.72699	419.9487	-17.98067
419.9026	-17.5139	420.0298	-18.0517
419.9837	-17.80817	420.1109	-17.798019999999998
420.0648	-17.49361	420.192	-17.82846
420.1459	-17.43272	420.2731	-18.00096
420.227	-17.58493	420.3542	-17.838610000000003
420.3081	-17.76758	420.4354	-17.86905
420.3893	-17.75743	420.5165	-17.92993
420.4704	-17.61537	420.5976	-17.84875
420.5515	-17.75743	420.6787	-17.78787
420.6326	-17.72699	420.7598	-17.69655
420.7137	-17.82846	420.8409	-17.91978
420.7948	-17.80817	420.9221	-17.858900000000002
420.8759	-17.82846	421.0032	-17.81831
420.9571	-17.88934	421.0843	-17.88934
421.0382	-17.44287	421.1654	-17.69655
421.1193	-17.42258	421.2465	-17.78787
421.2004	-17.645809999999997	421.3276	-17.92993
421.2815	-17.74728	421.4088	-17.798019999999998
421.3626	-17.86905	421.4899	-17.798019999999998
421.4438	-17.534190000000002	421.571	-18.04155
421.5249	-17.96037	421.6521	-18.08214
421.606	-17.78787	421.7332	-17.71684
421.6871	-17.798019999999998	421.8143	-17.858900000000002
421.7682	-17.76758	421.8954	-17.92993
421.8493	-17.66611	421.9766	-17.940080000000002
421.9305	-17.80817	422.0577	-17.686400000000003
422.0116	-17.60522	422.1388	-17.84875
422.0927	-17.89949	422.2199	-18.10243
422.17380000000003	-18.0314	422.301	-18.07199
422.2549	-17.67625	422.3821	-17.78787
422.336	-17.69655	422.4633	-17.97052
422.4171	-17.645809999999997	422.5444	-18.18361
422.4983	-17.67625	422.6255	-17.858900000000002
422.5794	-17.940080000000002	422.7066	-17.74728
422.6605	-17.88934	422.7877	-17.74728
422.7416	-17.63567	422.8688	-17.71684
422.8227	-17.80817	422.95	-17.67625
422.9038	-17.8792	423.0311	-17.80817
422.985	-17.60522	423.1122	-18.02125
423.0661	-17.625519999999998	423.1933	-18.14302
423.1472	-17.81831	423.2744	-18.00096
423.2283	-17.80817	423.3555	-17.76758
423.3094	-17.798019999999998	423.4366	-17.58493
423.3905	-18.0517	423.5178	-17.66611
423.4716	-17.950229999999998	423.5989	-17.66611
423.5528	-17.86905	423.68	-17.645809999999997
423.6339	-17.71684	423.7611	-17.88934
423.715	-17.706690000000002	423.8422	-17.92993
423.7961	-17.686400000000003	423.9233	-17.89949
423.8772	-17.69655	424.0045	-17.838610000000003
423.9583	-17.8792	424.0856	-18.00096
424.0395	-17.858900000000002	424.1667	-17.74728
424.1206	-17.706690000000002	424.2478	-17.686400000000003
424.2017	-17.44287	424.3289	-17.78787
424.2828	-17.76758	424.41	-17.88934
424.3639	-17.81831	424.4911	-17.940080000000002
424.445	-17.97052	424.5723	-17.99081
424.5262	-17.858900000000002	424.6534	-17.858900000000002
424.6073	-17.60522	424.7345	-18.10243
424.6884	-17.52405	424.8156	-18.06184
424.7695	-17.80817	424.8967	-18.011110000000002
424.8506	-17.90964	424.9778	-17.838610000000003
424.9317	-17.940080000000002	425.059	-17.97052
425.0128	-18.0517	425.1401	-17.80817
425.094	-17.8792	425.2212	-17.81831
425.1751	-17.686400000000003	425.3023	-17.78787
425.2562	-17.76758	425.3834	-18.00096
425.3373	-17.798019999999998	425.4645	-18.10243
425.4184	-17.73714	425.5457	-17.92993
425.4995	-17.534190000000002	425.6268	-17.686400000000003
425.5807	-17.58493	425.7079	-17.81831
425.6618	-17.54434	425.789	-17.76758
425.7429	-17.798019999999998	425.8701	-17.63567
425.824	-17.74728	425.9512	-18.0314
425.9051	-17.76758	426.0323	-17.98067
425.9862	-17.74728	426.1135	-17.81831
426.0674	-17.706690000000002	426.1946	-17.55449
426.1485	-17.534190000000002	426.2757	-17.61537
426.2296	-17.66611	426.3568	-17.950229999999998
426.3107	-17.72699	426.4379	-18.092290000000002
426.3918	-17.75743	426.519	-17.78787
426.4729	-17.75743	426.6002	-17.78787
426.554	-17.74728	426.6813	-18.02125
426.6352	-17.77772	426.7624	-17.798019999999998
426.7163	-17.77772	426.8435	-17.950229999999998
426.7974	-17.645809999999997	426.9246	-18.13287
426.8785	-17.76758	427.0057	-18.06184
426.9596	-17.73714	427.0869	-17.86905
427.0407	-17.65596	427.168	-17.72699
427.1219	-17.60522	427.2491	-17.858900000000002
427.203	-17.96037	427.3302	-17.71684
427.2841	-17.76758	427.4113	-17.686400000000003
427.3652	-17.76758	427.4924	-17.838610000000003
427.4463	-18.04155	427.5735	-17.71684
427.5274	-17.798019999999998	427.6547	-17.534190000000002
427.6086	-17.71684	427.7358	-17.74728
427.6897	-17.71684	427.8169	-17.91978
427.7708	-17.67625	427.898	-17.69655
427.8519	-17.78787	427.9791	-17.74728
427.933	-18.11258	428.0602	-17.86905
428.0141	-18.06184	428.1414	-18.25464
428.0952	-17.84875	428.2225	-18.04155
428.1764	-17.89949	428.3036	-17.89949
428.2575	-17.625519999999998	428.3847	-17.86905
428.3386	-17.858900000000002	428.4658	-17.8792
428.4197	-17.706690000000002	428.5469	-17.798019999999998
428.5008	-17.67625	428.6281	-17.67625
428.5819	-17.838610000000003	428.7092	-17.73714
428.6631	-17.82846	428.7903	-17.92993
428.7442	-18.08214	428.8714	-17.798019999999998
428.8253	-17.88934	428.9525	-17.858900000000002
428.9064	-17.88934	429.0336	-18.02125
428.9875	-17.645809999999997	429.1147	-18.0314
429.0686	-17.89949	429.1959	-17.858900000000002
429.1497	-17.98067	429.277	-17.97052
429.2309	-17.84875	429.3581	-18.11258
429.312	-17.950229999999998	429.4392	-17.96037
429.3931	-17.81831	429.5203	-18.0517
429.4742	-17.72699	429.6014	-18.08214
429.5553	-17.74728	429.6826	-17.92993
429.6364	-17.706690000000002	429.7637	-17.63567
429.7176	-17.82846	429.8448	-17.82846
429.7987	-17.52405	429.9259	-17.89949
429.8798	-17.43272	430.007	-17.75743
429.9609	-17.60522	430.0881	-17.98067
430.042	-17.77772	430.1693	-17.8792
430.1231	-17.473309999999998	430.2504	-17.81831
430.2043	-17.61537	430.3315	-17.86905
430.2854	-17.78787	430.4126	-17.950229999999998
430.3665	-17.858900000000002	430.4937	-17.86905
430.4476	-17.78787	430.5748	-17.89949
430.5287	-17.8792	430.6559	-18.0517
430.6098	-17.89949	430.7371	-18.07199
430.6909	-17.59508	430.8182	-17.77772
430.7721	-17.72699	430.8993	-17.686400000000003
430.8532	-17.78787	430.9804	-18.06184
430.9343	-17.940080000000002	431.0615	-17.86905
431.0154	-17.89949	431.1426	-17.858900000000002
431.0965	-17.81831	431.2238	-17.89949
431.1776	-17.72699	431.3049	-18.14302
431.2588	-17.78787	431.386	-17.80817
431.3399	-17.63567	431.4671	-17.61537
431.421	-17.838610000000003	431.5482	-17.940080000000002
431.5021	-18.06184	431.6293	-17.71684
431.5832	-18.17346	431.7104	-17.63567
431.6643	-17.91978	431.7916	-18.06184
431.7455	-17.92993	431.8727	-18.011110000000002
431.8266	-17.90964	431.9538	-17.61537
431.9077	-17.67625	432.0349	-17.67625
431.9888	-17.98067	432.116	-17.858900000000002
432.0699	-17.82846	432.1971	-17.55449
432.151	-17.69655	432.2783	-17.63567
432.2321	-17.37184	432.3594	-17.90964
432.3133	-17.44287	432.4405	-17.97052
432.3944	-17.71684	432.5216	-17.61537
432.4755	-17.463160000000002	432.6027	-18.12273
432.5566	-17.67625	432.6838	-18.04155
432.6377	-18.25464	432.765	-17.858900000000002
432.7188	-17.80817	432.8461	-17.74728
432.8	-17.72699	432.9272	-17.77772
432.8811	-18.10243	433.0083	-17.798019999999998
432.9622	-17.92993	433.0894	-17.61537
433.0433	-17.86905	433.1705	-17.72699
433.1244	-17.55449	433.2516	-17.86905
433.2055	-17.798019999999998	433.3328	-17.76758
433.2867	-17.858900000000002	433.4139	-17.61537
433.3678	-17.8792	433.495	-17.67625
433.4489	-17.90964	433.5761	-17.858900000000002
433.53	-17.80817	433.6572	-17.84875
433.6111	-17.798019999999998	433.7383	-17.99081
433.6922	-17.67625	433.8195	-17.76758
433.7733	-17.625519999999998	433.9006	-17.8792
433.8545	-17.75743	433.9817	-18.0314
433.9356	-17.82846	434.0628	-17.84875
434.0167	-18.00096	434.1439	-17.686400000000003
434.0978	-17.89949	434.225	-17.74728
434.1789	-17.97052	434.3062	-17.77772
434.26	-17.92993	434.3873	-17.81831
434.3412	-17.77772	434.4684	-17.77772
434.4223	-17.950229999999998	434.5495	-17.88934
434.5034	-18.0314	434.6306	-17.88934
434.5845	-17.645809999999997	434.7117	-17.76758
434.6656	-17.838610000000003	434.7928	-17.88934
434.7467	-17.92993	434.874	-17.77772
434.8279	-17.82846	434.9551	-17.77772
434.909	-17.92993	435.0362	-17.625519999999998
434.9901	-17.66611	435.1173	-17.686400000000003
435.0712	-17.61537	435.1984	-17.77772
435.1523	-17.71684	435.2795	-17.8792
435.2334	-18.07199	435.3607	-17.80817
435.3145	-17.8792	435.4418	-18.011110000000002
435.3957	-18.0517	435.5229	-18.0517
435.4768	-17.76758	435.604	-17.858900000000002
435.5579	-17.44287	435.6851	-17.72699
435.639	-17.80817	435.7662	-17.940080000000002
435.7201	-17.81831	435.8474	-17.72699
435.8012	-17.72699	435.9285	-17.63567
435.8824	-17.58493	436.0096	-17.77772
435.9635	-17.73714	436.0907	-17.92993
436.0446	-17.99081	436.1718	-17.74728
436.1257	-17.858900000000002	436.2529	-17.92993
436.2068	-17.82846	436.334	-17.82846
436.2879	-17.858900000000002	436.4152	-17.645809999999997
436.369	-17.91978	436.4963	-17.96037
436.4502	-18.00096	436.5774	-17.99081
436.5313	-17.98067	436.6585	-17.67625
436.6124	-17.96037	436.7396	-17.61537
436.6935	-17.8792	436.8207	-18.10243
436.7746	-17.91978	436.9019	-18.02125
436.8557	-17.76758	436.983	-18.17346
436.9369	-17.69655	437.0641	-17.90964
437.018	-17.86905	437.1452	-17.706690000000002
437.0991	-17.65596	437.2263	-17.81831
437.1802	-17.625519999999998	437.3074	-17.89949
437.2613	-17.686400000000003	437.3885	-18.12273
437.3424	-17.89949	437.4697	-17.84875
437.4236	-17.91978	437.5508	-18.06184
437.5047	-17.91978	437.6319	-18.04155
437.5858	-17.84875	437.713	-17.84875
437.6669	-18.04155	437.7941	-17.706690000000002
437.748	-17.625519999999998	437.8752	-17.77772
437.8291	-17.66611	437.9564	-17.625519999999998
437.9102	-17.645809999999997	438.0375	-17.706690000000002
437.9914	-17.798019999999998	438.1186	-17.61537
438.0725	-17.72699	438.1997	-17.92993
438.1536	-17.90964	438.2808	-17.99081
438.2347	-17.858900000000002	438.3619	-17.97052
438.3158	-17.940080000000002	438.4431	-17.59508
438.3969	-17.858900000000002	438.5242	-17.66611
438.4781	-17.75743	438.6053	-17.81831
438.5592	-17.838610000000003	438.6864	-17.5139
438.6403	-17.858900000000002	438.7675	-17.54434
438.7214	-17.63567	438.8486	-17.950229999999998
438.8025	-17.5139	438.9297	-17.88934
438.8836	-17.90964	439.0109	-17.88934
438.9648	-18.08214	439.092	-18.10243
439.0459	-17.90964	439.1731	-18.30537
439.127	-17.75743	439.2542	-18.17346
439.2081	-17.71684	439.3353	-17.645809999999997
439.2892	-17.940080000000002	439.4164	-17.33125
439.3703	-17.76758	439.4976	-18.11258
439.4514	-17.67625	439.5787	-18.24449
439.5326	-17.82846	439.6598	-18.13287
439.6137	-17.838610000000003	439.7409	-17.99081
439.6948	-17.88934	439.822	-18.13287
439.7759	-18.0314	439.9031	-17.78787
439.857	-17.80817	439.9843	-17.66611
439.9381	-17.78787	440.0654	-17.92993
440.0193	-17.950229999999998	440.1465	-17.71684
440.1004	-17.80817	440.2276	-17.82846
440.1815	-17.99081	440.3087	-18.06184
440.2626	-17.940080000000002	440.3898	-17.838610000000003
440.3437	-18.00096	440.4709	-18.00096
440.4248	-17.798019999999998	440.5521	-17.950229999999998
440.506	-17.686400000000003	440.6332	-18.02125
440.5871	-17.940080000000002	440.7143	-18.06184
440.6682	-17.82846	440.7954	-18.0314
440.7493	-17.77772	440.8765	-17.73714
440.8304	-17.8792	440.9576	-17.86905
440.9115	-17.86905	441.0388	-17.57478
440.9926	-17.76758	441.1199	-17.73714
441.0738	-17.75743	441.201	-18.00096
441.1549	-17.60522	441.2821	-18.06184
441.236	-17.63567	441.3632	-17.74728
441.3171	-17.72699	441.4443	-17.82846
441.3982	-18.02125	441.5255	-18.04155
441.4793	-17.838610000000003	441.6066	-17.88934
441.5605	-17.80817	441.6877	-17.84875
441.6416	-17.75743	441.7688	-17.69655
441.7227	-17.66611	441.8499	-17.75743
441.8038	-17.63567	441.931	-17.86905
441.8849	-17.57478	442.0121	-17.84875
441.966	-18.02125	442.0933	-17.74728
442.0471	-17.940080000000002	442.1744	-17.69655
442.1283	-17.838610000000003	442.2555	-17.80817
442.2094	-18.04155	442.3366	-17.84875
442.2905	-18.00096	442.4177	-17.88934
442.3716	-18.11258	442.4988	-18.17346
442.4527	-18.24449	442.58	-17.78787
442.5338	-18.02125	442.6611	-17.706690000000002
442.615	-17.8792	442.7422	-17.97052
442.6961	-17.78787	442.8233	-18.06184
442.7772	-17.74728	442.9044	-17.98067
442.8583	-17.798019999999998	442.9855	-17.858900000000002
442.9394	-18.02125	443.0667	-17.74728
443.0205	-17.950229999999998	443.1478	-17.72699
443.1017	-17.84875	443.2289	-17.84875
443.1828	-17.706690000000002	443.31	-17.8792
443.2639	-17.73714	443.3911	-18.06184
443.345	-18.0314	443.4722	-18.0314
443.4261	-17.97052	443.5533	-17.81831
443.5072	-17.56464	443.6345	-17.78787
443.5883	-17.838610000000003	443.7156	-17.645809999999997
443.6695	-18.0517	443.7967	-17.61537
443.7506	-18.14302	443.8778	-17.75743
443.8317	-17.71684	443.9589	-17.78787
443.9128	-17.73714	444.04	-18.18361
443.9939	-17.76758	444.1212	-17.74728
444.075	-17.84875	444.2023	-17.78787
444.1562	-17.8792	444.2834	-17.88934
444.2373	-17.950229999999998	444.3645	-17.81831
444.3184	-17.625519999999998	444.4456	-17.82846
444.3995	-17.66611	444.5267	-18.08214
444.4806	-17.52405	444.6078	-17.838610000000003
444.5617	-17.65596	444.689	-17.57478
444.6429	-17.73714	444.7701	-17.63567
444.724	-17.645809999999997	444.8512	-17.59508
444.8051	-17.65596	444.9323	-17.76758
444.8862	-17.72699	445.0134	-17.80817
444.9673	-17.44287	445.0945	-18.02125
445.0484	-17.65596	445.1757	-17.98067
445.1295	-17.74728	445.2568	-17.91978
445.2107	-17.84875	445.3379	-17.73714
445.2918	-17.92993	445.419	-17.67625
445.3729	-17.63567	445.5001	-17.97052
445.454	-17.73714	445.5812	-17.77772
445.5351	-17.798019999999998	445.6624	-17.97052
445.6162	-17.72699	445.7435	-17.89949
445.6974	-17.65596	445.8246	-18.02125
445.7785	-17.63567	445.9057	-17.798019999999998
445.8596	-17.60522	445.9868	-17.798019999999998
445.9407	-17.75743	446.0679	-17.8792
446.0218	-17.80817	446.149	-17.798019999999998
446.1029	-17.71684	446.2302	-17.66611
446.1841	-17.67625	446.3113	-17.82846
446.2652	-17.67625	446.3924	-17.71684
446.3463	-17.80817	446.4735	-17.71684
446.4274	-18.011110000000002	446.5546	-17.950229999999998
446.5085	-17.89949	446.6357	-18.06184
446.5896	-17.98067	446.7169	-17.91978
446.6707	-17.63567	446.798	-17.940080000000002
446.7519	-17.91978	446.8791	-17.91978
446.833	-18.07199	446.9602	-17.838610000000003
446.9141	-17.99081	447.0413	-18.04155
446.9952	-17.80817	447.1224	-17.8792
447.0763	-17.84875	447.2036	-17.84875
447.1574	-17.8792	447.2847	-17.645809999999997
447.2386	-17.858900000000002	447.3658	-17.71684
447.3197	-17.82846	447.4469	-17.97052
447.4008	-17.96037	447.528	-18.29523
447.4819	-17.686400000000003	447.6091	-18.092290000000002
447.563	-17.798019999999998	447.6902	-17.72699
447.6441	-18.10243	447.7714	-17.75743
447.7253	-17.89949	447.8525	-17.74728
447.8064	-17.82846	447.9336	-17.90964
447.8875	-17.838610000000003	448.0147	-18.04155
447.9686	-17.8792	448.0958	-17.950229999999998
448.0497	-18.06184	448.1769	-17.91978
448.1308	-18.07199	448.2581	-17.950229999999998
448.2119	-17.71684	448.3392	-17.950229999999998
448.2931	-17.67625	448.4203	-17.91978
448.3742	-17.88934	448.5014	-17.99081
448.4553	-17.706690000000002	448.5825	-18.13287
448.5364	-17.63567	448.6636	-17.75743
448.6175	-17.89949	448.7448	-17.77772
448.6986	-17.58493	448.8259	-18.08214
448.7798	-17.686400000000003	448.907	-17.90964
448.8609	-17.82846	448.9881	-17.858900000000002
448.942	-18.07199	449.0692	-17.940080000000002
449.0231	-18.04155	449.1503	-18.00096
449.1042	-17.67625	449.2314	-17.77772
449.1853	-17.75743	449.3126	-17.69655
449.2664	-17.838610000000003	449.3937	-18.18361
449.3476	-18.02125	449.4748	-18.17346
449.4287	-17.89949	449.5559	-18.07199
449.5098	-18.00096	449.637	-18.11258
449.5909	-17.77772	449.7181	-17.78787
449.672	-17.80817	449.7993	-17.69655
449.7531	-17.75743	449.8804	-17.706690000000002
449.8343	-17.73714	449.9615	-17.78787
449.9154	-17.76758	450.0426	-17.74728
449.9965	-17.63567	450.1237	-17.8792
450.0776	-17.77772	450.2048	-17.99081
450.1587	-17.92993	450.2859	-17.99081
450.2398	-18.02125	450.3671	-17.84875
450.321	-17.72699	450.4482	-18.02125
450.4021	-18.12273	450.5293	-18.07199
450.4832	-17.78787	450.6104	-17.76758
450.5643	-17.63567	450.6915	-17.534190000000002
450.6454	-17.59508	450.7726	-17.8792
450.7265	-17.81831	450.8538	-17.99081
450.8076	-17.77772	450.9349	-17.940080000000002
450.8888	-17.77772	451.016	-17.71684
450.9699	-17.80817	451.0971	-17.89949
451.051	-17.76758	451.1782	-17.78787
451.1321	-18.00096	451.2593	-18.10243
451.2132	-17.950229999999998	451.3405	-18.0517
451.2943	-18.011110000000002	451.4216	-17.77772
451.3755	-17.75743	451.5027	-17.86905
451.4566	-17.66611	451.5838	-18.02125
451.5377	-17.58493	451.6649	-18.17346
451.6188	-17.63567	451.746	-18.07199
451.6999	-17.78787	451.8271	-17.950229999999998
451.781	-17.63567	451.9083	-17.80817
451.8622	-17.71684	451.9894	-17.625519999999998
451.9433	-18.07199	452.0705	-17.92993
452.0244	-17.86905	452.1516	-18.15317
452.1055	-18.04155	452.2327	-17.858900000000002
452.1866	-18.08214	452.3138	-17.67625
452.2677	-17.88934	452.395	-17.97052
452.3488	-18.13287	452.4761	-17.838610000000003
452.43	-17.74728	452.5572	-17.76758
452.5111	-17.75743	452.6383	-17.858900000000002
452.5922	-17.838610000000003	452.7194	-17.55449
452.6733	-17.798019999999998	452.8005	-17.74728
452.7544	-17.63567	452.8817	-17.88934
452.8355	-17.82846	452.9628	-18.011110000000002
452.9167	-18.0314	453.0439	-17.950229999999998
452.9978	-17.838610000000003	453.125	-17.89949
453.0789	-17.88934	453.2061	-18.13287
453.16	-17.81831	453.2872	-18.04155
453.2411	-17.625519999999998	453.3683	-18.14302
453.3222	-17.69655	453.4495	-18.14302
453.4034	-17.940080000000002	453.5306	-18.011110000000002
453.4845	-17.8792	453.6117	-17.686400000000003
453.5656	-17.858900000000002	453.6928	-17.57478
453.6467	-18.092290000000002	453.7739	-17.97052
453.7278	-17.86905	453.855	-17.80817
453.8089	-17.88934	453.9362	-17.88934
453.89	-17.8792	454.0173	-17.91978
453.9712	-17.96037	454.0984	-17.58493
454.0523	-18.0517	454.1795	-17.74728
454.1334	-17.90964	454.2606	-17.89949
454.2145	-17.91978	454.3417	-17.73714
454.2956	-17.84875	454.4229	-17.65596
454.3767	-17.798019999999998	454.504	-17.940080000000002
454.4579	-17.99081	454.5851	-18.04155
454.539	-17.96037	454.6662	-18.2039
454.6201	-18.0517	454.7473	-17.798019999999998
454.7012	-18.0314	454.8284	-17.80817
454.7823	-17.8792	454.9095	-17.98067
454.8634	-17.69655	454.9907	-17.72699
454.9445	-17.54434	455.0718	-17.80817
455.0257	-17.77772	455.1529	-17.88934
455.1068	-18.08214	455.234	-17.838610000000003
455.1879	-18.02125	455.3151	-17.81831
455.269	-17.55449	455.3962	-18.11258
455.3501	-17.45302	455.4774	-18.08214
455.4312	-17.88934	455.5585	-17.82846
455.5124	-18.011110000000002	455.6396	-18.02125
455.5935	-17.60522	455.7207	-18.36626
455.6746	-17.75743	455.8018	-18.14302
455.7557	-18.08214	455.8829	-17.625519999999998
455.8368	-17.89949	455.9641	-17.88934
455.9179	-17.69655	456.0452	-18.07199
455.9991	-17.50375	456.1263	-18.06184
456.0802	-17.55449	456.2074	-17.86905
456.1613	-17.74728	456.2885	-17.76758
456.2424	-18.15317	456.3696	-17.92993
456.3235	-17.8792	456.4507	-17.858900000000002
456.4046	-17.645809999999997	456.5319	-18.092290000000002
456.4857	-17.798019999999998	456.613	-18.011110000000002
456.5669	-17.74728	456.6941	-17.88934
456.648	-17.80817	456.7752	-17.80817
456.7291	-17.8792	456.8563	-17.78787
456.8102	-18.11258	456.9374	-17.74728
456.8913	-17.74728	457.0186	-17.66611
456.9724	-17.89949	457.0997	-17.858900000000002
457.0536	-17.86905	457.1808	-18.02125
457.1347	-17.66611	457.2619	-17.98067
457.2158	-17.534190000000002	457.343	-17.69655
457.2969	-17.42258	457.4241	-17.88934
457.378	-17.645809999999997	457.5052	-17.63567
457.4591	-17.940080000000002	457.5864	-17.80817
457.5403	-17.77772	457.6675	-17.81831
457.6214	-17.686400000000003	457.7486	-17.72699
457.7025	-17.8792	457.8297	-17.77772
457.7836	-17.838610000000003	457.9108	-17.88934
457.8647	-17.89949	457.9919	-17.8792
457.9458	-17.77772	458.0731	-17.78787
458.0269	-17.838610000000003	458.1542	-17.78787
458.1081	-18.0314	458.2353	-17.82846
458.1892	-17.92993	458.3164	-17.78787
458.2703	-17.84875	458.3975	-17.97052
458.3514	-17.91978	458.4786	-17.82846
458.4325	-17.75743	458.5598	-17.89949
458.5136	-17.97052	458.6409	-17.61537
458.5948	-17.91978	458.722	-17.798019999999998
458.6759	-17.706690000000002	458.8031	-18.02125
458.757	-17.90964	458.8842	-17.80817
458.8381	-17.8792	458.9653	-17.89949
458.9192	-17.78787	459.0464	-17.86905
459.0003	-17.80817	459.1276	-17.89949
459.0815	-17.61537	459.2087	-18.04155
459.1626	-17.57478	459.2898	-18.00096
459.2437	-17.82846	459.3709	-17.92993
459.3248	-17.90964	459.452	-18.08214
459.4059	-17.89949	459.5331	-17.686400000000003
459.487	-18.06184	459.6143	-18.04155
459.5681	-18.18361	459.6954	-18.011110000000002
459.6493	-17.98067	459.7765	-17.838610000000003
459.7304	-18.07199	459.8576	-18.00096
459.8115	-17.82846	459.9387	-17.858900000000002
459.8926	-17.72699	460.0198	-17.78787
459.9737	-17.950229999999998	460.101	-17.98067
460.0548	-17.92993	460.1821	-18.02125
460.136	-17.91978	460.2632	-18.011110000000002
460.2171	-17.91978	460.3443	-18.02125
460.2982	-18.00096	460.4254	-17.66611
460.3793	-17.78787	460.5065	-17.84875
460.4604	-17.80817	460.5876	-17.838610000000003
460.5415	-17.858900000000002	460.6688	-17.81831
460.6227	-17.90964	460.7499	-17.89949
460.7038	-17.75743	460.831	-18.06184
460.7849	-17.89949	460.9121	-17.940080000000002
460.866	-18.15317	460.9932	-17.72699
460.9471	-17.77772	461.0743	-17.82846
461.0282	-17.798019999999998	461.1555	-17.71684
461.1093	-18.13287	461.2366	-18.08214
461.1905	-17.84875	461.3177	-17.88934
461.2716	-17.76758	461.3988	-17.92993
461.3527	-17.69655	461.4799	-17.92993
461.4338	-18.04155	461.561	-17.99081
461.5149	-18.13287	461.6422	-18.02125
461.596	-17.686400000000003	461.7233	-17.90964
461.6772	-17.89949	461.8044	-17.63567
461.7583	-17.89949	461.8855	-17.99081
461.8394	-17.76758	461.9666	-18.14302
461.9205	-17.858900000000002	462.0477	-18.11258
462.0016	-18.04155	462.1288	-17.940080000000002
462.0827	-17.96037	462.21	-18.02125
462.1638	-17.78787	462.2911	-17.90964
462.245	-18.14302	462.3722	-17.63567
462.3261	-17.99081	462.4533	-17.76758
462.4072	-17.71684	462.5344	-17.75743
462.4883	-17.98067	462.6155	-17.686400000000003
462.5694	-17.97052	462.6967	-18.06184
462.6505	-17.91978	462.7778	-17.88934
462.7317	-18.02125	462.8589	-17.75743
462.8128	-17.798019999999998	462.94	-18.04155
462.8939	-17.858900000000002	463.0211	-17.75743
462.975	-17.99081	463.1022	-17.76758
463.0561	-17.82846	463.1833	-17.77772
463.1372	-17.74728	463.2645	-18.06184
463.2184	-17.97052	463.3456	-18.02125
463.2995	-17.90964	463.4267	-17.96037
463.3806	-17.798019999999998	463.5078	-17.84875
463.4617	-17.72699	463.5889	-17.84875
463.5428	-17.78787	463.67	-18.0517
463.6239	-17.89949	463.7512	-18.06184
463.705	-17.90964	463.8323	-18.13287
463.7862	-17.78787	463.9134	-17.69655
463.8673	-17.63567	463.9945	-17.63567
463.9484	-17.645809999999997	464.0756	-17.92993
464.0295	-17.73714	464.1567	-17.96037
464.1106	-17.69655	464.2379	-17.98067
464.1917	-17.86905	464.319	-18.0517
464.2729	-17.81831	464.4001	-17.77772
464.354	-17.67625	464.4812	-17.81831
464.4351	-17.57478	464.5623	-18.092290000000002
464.5162	-17.72699	464.6434	-18.04155
464.5973	-17.858900000000002	464.7245	-17.78787
464.6784	-17.74728	464.8057	-17.90964
464.7596	-17.92993	464.8868	-17.940080000000002
464.8407	-17.90964	464.9679	-17.81831
464.9218	-17.88934	465.049	-17.74728
465.0029	-17.950229999999998	465.1301	-18.10243
465.084	-17.858900000000002	465.2112	-18.2039
465.1651	-17.90964	465.2924	-18.335820000000002
465.2462	-17.97052	465.3735	-17.99081
465.3274	-17.97052	465.4546	-17.81831
465.4085	-17.73714	465.5357	-17.81831
465.4896	-17.84875	465.6168	-17.76758
465.5707	-18.07199	465.6979	-17.80817
465.6518	-18.06184	465.7791	-17.534190000000002
465.7329	-17.798019999999998	465.8602	-17.838610000000003
465.8141	-17.84875	465.9413	-18.18361
465.8952	-18.2242	466.0224	-18.28508
465.9763	-18.092290000000002	466.1035	-18.07199
466.0574	-18.0517	466.1846	-18.07199
466.1385	-17.96037	466.2657	-17.940080000000002
466.2196	-18.02125	466.3469	-17.71684
466.3008	-18.02125	466.428	-17.81831
466.3819	-18.02125	466.5091	-17.89949
466.463	-17.97052	466.5902	-18.15317
466.5441	-18.06184	466.6713	-18.00096
466.6252	-17.89949	466.7524	-17.90964
466.7063	-17.838610000000003	466.8336	-17.89949
466.7874	-17.950229999999998	466.9147	-17.90964
466.8686	-18.10243	466.9958	-17.88934
466.9497	-18.08214	467.0769	-17.81831
467.0308	-17.86905	467.158	-17.84875
467.1119	-17.838610000000003	467.2391	-18.011110000000002
467.193	-17.63567	467.3203	-18.31552
467.2741	-17.42258	467.4014	-17.90964
467.3553	-17.63567	467.4825	-17.76758
467.4364	-17.92993	467.5636	-18.08214
467.5175	-17.99081	467.6447	-17.940080000000002
467.5986	-17.97052	467.7258	-18.07199
467.6797	-17.84875	467.8069	-18.11258
467.7608	-18.02125	467.8881	-17.74728
467.8419	-17.91978	467.9692	-17.706690000000002
467.9231	-17.82846	468.0503	-17.75743
468.0042	-18.04155	468.1314	-17.98067
468.0853	-18.17346	468.2125	-18.18361
468.1664	-18.2039	468.2936	-17.99081
468.2475	-18.00096	468.3748	-17.91978
468.3286	-17.75743	468.4559	-17.92993
468.4098	-18.02125	468.537	-18.0517
468.4909	-17.89949	468.6181	-17.96037
468.572	-17.52405	468.6992	-18.00096
468.6531	-17.84875	468.7803	-18.0314
468.7342	-17.56464	468.8615	-17.75743
468.8153	-17.61537	468.9426	-18.11258
468.8965	-17.96037	469.0237	-18.2242
468.9776	-17.99081	469.1048	-18.36626
469.0587	-17.78787	469.1859	-18.18361
469.1398	-17.940080000000002	469.267	-17.838610000000003
469.2209	-17.96037	469.3481	-17.72699
469.302	-17.97052	469.4293	-17.91978
469.3831	-17.8792	469.5104	-18.07199
469.4643	-17.98067	469.5915	-18.02125
469.5454	-17.940080000000002	469.6726	-18.23434
469.6265	-17.92993	469.7537	-18.0517
469.7076	-17.90964	469.8348	-18.011110000000002
469.7887	-17.940080000000002	469.916	-18.30537
469.8698	-18.02125	469.9971	-18.16331
469.951	-18.16331	470.0782	-18.13287
470.0321	-18.06184	470.1593	-18.10243
470.1132	-17.86905	470.2404	-18.38655
470.1943	-18.06184	470.3215	-17.90964
470.2754	-17.97052	470.4026	-17.77772
470.3565	-17.88934	470.4838	-18.0314
470.4377	-17.950229999999998	470.5649	-17.838610000000003
470.5188	-17.99081	470.646	-17.838610000000003
470.5999	-17.97052	470.7271	-17.96037
470.681	-17.84875	470.8082	-18.0314
470.7621	-17.940080000000002	470.8893	-18.011110000000002
470.8432	-17.940080000000002	470.9705	-17.80817
470.9243	-17.88934	471.0516	-18.0314
471.0055	-17.645809999999997	471.1327	-18.32567
471.0866	-17.78787	471.2138	-18.31552
471.1677	-18.43729	471.2949	-18.16331
471.2488	-18.06184	471.376	-17.82846
471.3299	-18.12273	471.4572	-17.88934
471.411	-17.78787	471.5383	-18.04155
471.4922	-17.76758	471.6194	-17.8792
471.5733	-18.11258	471.7005	-17.98067
471.6544	-17.71684	471.7816	-18.10243
471.7355	-18.0314	471.8627	-18.23434
471.8166	-17.71684	471.9438	-18.08214
471.8977	-17.72699	472.025	-17.72699
471.9789	-17.91978	472.1061	-17.89949
472.06	-18.2039	472.1872	-17.940080000000002
472.1411	-18.08214	472.2683	-17.8792
472.2222	-18.12273	472.3494	-18.18361
472.3033	-17.950229999999998	472.4305	-17.75743
472.3844	-17.81831	472.5117	-18.14302
472.4655	-17.77772	472.5928	-18.19376
472.5467	-17.81831	472.6739	-18.04155
472.6278	-17.858900000000002	472.755	-17.98067
472.7089	-17.59508	472.8361	-18.0314
472.79	-17.473309999999998	472.9172	-18.14302
472.8711	-17.798019999999998	472.9984	-18.13287
472.9522	-17.91978	473.0795	-18.16331
473.0334	-17.71684	473.1606	-17.91978
473.1145	-17.78787	473.2417	-17.90964
473.1956	-17.645809999999997	473.3228	-17.71684
473.2767	-17.61537	473.4039	-17.940080000000002
473.3578	-18.00096	473.485	-17.8792
473.4389	-18.10243	473.5662	-17.950229999999998
473.5201	-17.76758	473.6473	-17.78787
473.6012	-17.686400000000003	473.7284	-17.97052
473.6823	-18.32567	473.8095	-18.16331
473.7634	-17.8792	473.8906	-18.0314
473.8445	-17.60522	473.9717	-17.74728
473.9256	-17.78787	474.0529	-17.625519999999998
474.0067	-17.950229999999998	474.134	-17.940080000000002
474.0879	-17.88934	474.2151	-17.92993
474.169	-17.92993	474.2962	-17.63567
474.2501	-17.81831	474.3773	-17.798019999999998
474.3312	-17.92993	474.4584	-17.98067
474.4123	-17.88934	474.5396	-18.30537
474.4934	-17.78787	474.6207	-18.274929999999998
474.5746	-18.08214	474.7018	-18.15317
474.6557	-18.04155	474.7829	-18.06184
474.7368	-17.838610000000003	474.864	-17.940080000000002
474.8179	-17.8792	474.9451	-18.25464
474.899	-17.97052	475.0262	-18.0314
474.9801	-18.092290000000002	475.1074	-17.98067
475.0612	-17.78787	475.1885	-17.77772
475.1424	-17.74728	475.2696	-18.092290000000002
475.2235	-17.950229999999998	475.3507	-17.96037
475.3046	-17.940080000000002	475.4318	-18.10243
475.3857	-17.75743	475.5129	-17.99081
475.4668	-17.645809999999997	475.5941	-17.89949
475.5479	-18.02125	475.6752	-17.69655
475.6291	-17.89949	475.7563	-17.80817
475.7102	-17.77772	475.8374	-18.14302
475.7913	-18.06184	475.9185	-18.2242
475.8724	-17.8792	475.9996	-18.15317
475.9535	-18.02125	476.0807	-18.18361
476.0346	-17.90964	476.1619	-18.25464
476.1158	-17.89949	476.243	-18.00096
476.1969	-17.90964	476.3241	-17.90964
476.278	-17.76758	476.4052	-18.11258
476.3591	-18.04155	476.48630000000003	-18.14302
476.4402	-18.02125	476.5674	-17.91978
476.5213	-17.858900000000002	476.6486	-17.950229999999998
476.6024	-17.61537	476.7297	-18.0314
476.6836	-17.88934	476.8108	-18.2242
476.7647	-17.88934	476.8919	-18.0517
476.8458	-17.81831	476.973	-18.07199
476.9269	-17.838610000000003	477.0541	-17.8792
477.008	-18.0314	477.1353	-17.81831
477.0891	-18.24449	477.2164	-18.11258
477.1703	-18.02125	477.2975	-17.950229999999998
477.2514	-17.71684	477.3786	-17.92993
477.3325	-17.74728	477.4597	-18.011110000000002
477.4136	-18.11258	477.5408	-18.16331
477.4947	-18.0314	477.6219	-18.08214
477.5758	-18.011110000000002	477.7031	-17.86905
477.657	-18.011110000000002	477.7842	-17.858900000000002
477.7381	-18.06184	477.8653	-18.08214
477.8192	-17.838610000000003	477.9464	-18.10243
477.9003	-17.84875	478.0275	-18.16331
477.9814	-18.32567	478.1086	-18.08214
478.0625	-18.2039	478.1898	-17.838610000000003
478.1436	-17.86905	478.2709	-17.90964
478.2248	-17.74728	478.352	-17.97052
478.3059	-17.838610000000003	478.4331	-17.98067
478.387	-17.86905	478.5142	-18.274929999999998
478.4681	-17.98067	478.5953	-18.26479
478.5492	-17.92993	478.6765	-18.24449
478.6303	-18.18361	478.7576	-17.88934
478.7115	-17.940080000000002	478.8387	-17.940080000000002
478.7926	-17.91978	478.9198	-18.17346
478.8737	-17.78787	479.0009	-17.84875
478.9548	-17.52405	479.082	-18.04155
479.0359	-17.66611	479.1631	-18.16331
479.117	-17.86905	479.2443	-17.81831
479.1982	-17.86905	479.3254	-17.858900000000002
479.2793	-17.71684	479.4065	-17.84875
479.3604	-17.940080000000002	479.4876	-17.88934
479.4415	-17.81831	479.5687	-18.08214
479.5226	-17.838610000000003	479.6498	-18.04155
479.6037	-17.89949	479.731	-18.14302
479.6848	-17.798019999999998	479.8121	-18.10243
479.766	-17.8792	479.8932	-17.75743
479.8471	-17.73714	479.9743	-18.11258
479.9282	-17.706690000000002	480.0554	-18.15317
480.0093	-17.92993	480.1365	-18.00096
480.0904	-18.12273	480.2177	-18.00096
480.1715	-18.12273	480.29880000000003	-17.96037
480.2527	-17.98067	480.3799	-18.0314
480.3338	-18.11258	480.461	-18.0517
480.4149	-17.940080000000002	480.5421	-18.092290000000002
480.496	-17.89949	480.6232	-17.89949
480.5771	-17.838610000000003	480.7043	-17.76758
480.6582	-17.89949	480.7855	-17.91978
480.7393	-17.89949	480.8666	-17.99081
480.8205	-18.011110000000002	480.9477	-17.625519999999998
480.9016	-17.8792	481.0288	-17.66611
480.9827	-17.90964	481.1099	-17.838610000000003
481.0638	-18.31552	481.191	-18.23434
481.1449	-18.0517	481.2722	-18.0517
481.226	-18.0314	481.3533	-17.838610000000003
481.3072	-18.24449	481.4344	-17.8792
481.3883	-17.88934	481.5155	-17.96037
481.4694	-18.18361	481.5966	-17.88934
481.5505	-18.14302	481.6777	-17.92993
481.6316	-17.86905	481.7589	-17.950229999999998
481.7127	-17.76758	481.84	-17.84875
481.7939	-17.71684	481.9211	-17.8792
481.875	-17.92993	482.0022	-18.11258
481.9561	-17.91978	482.0833	-17.92993
482.0372	-18.13287	482.1644	-17.90964
482.1183	-18.28508	482.2455	-17.99081
482.1994	-17.86905	482.3267	-18.0314
482.2805	-17.706690000000002	482.4078	-18.0517
482.3617	-17.798019999999998	482.4889	-18.08214
482.4428	-17.798019999999998	482.57	-17.99081
482.5239	-17.8792	482.6511	-17.940080000000002
482.605	-17.89949	482.7322	-17.858900000000002
482.6861	-17.950229999999998	482.8134	-18.21405
482.7672	-18.35611	482.8945	-18.24449
482.8484	-18.18361	482.9756	-18.19376
482.9295	-17.92993	483.0567	-18.00096
483.0106	-17.84875	483.1378	-17.90964
483.0917	-17.63567	483.2189	-18.15317
483.1728	-17.76758	483.3	-17.84875
483.2539	-17.86905	483.3812	-17.97052
483.3351	-17.82846	483.4623	-17.97052
483.4162	-17.77772	483.5434	-17.89949
483.4973	-18.07199	483.6245	-17.940080000000002
483.5784	-17.89949	483.7056	-18.32567
483.6595	-17.74728	483.7867	-18.14302
483.7406	-18.02125	483.8679	-18.092290000000002
483.8217	-17.71684	483.949	-18.11258
483.9029	-17.88934	484.0301	-17.98067
483.984	-18.24449	484.1112	-17.91978
484.0651	-18.26479	484.1923	-18.0314
484.1462	-17.76758	484.2734	-17.76758
484.2273	-18.07199	484.3546	-18.08214
484.3084	-18.07199	484.4357	-18.2242
484.3896	-17.88934	484.5168	-18.19376
484.4707	-18.02125	484.5979	-18.17346
484.5518	-18.18361	484.679	-18.24449
484.6329	-18.29523	484.7601	-18.07199
484.714	-18.12273	484.8412	-17.940080000000002
484.7951	-17.98067	484.9224	-18.02125
484.8763	-17.71684	485.0035	-17.96037
484.9574	-18.13287	485.0846	-17.91978
485.0385	-18.02125	485.1657	-18.21405
485.1196	-17.76758	485.2468	-18.34596
485.2007	-17.71684	485.3279	-18.16331
485.2818	-17.706690000000002	485.4091	-17.90964
485.3629	-17.88934	485.4902	-17.78787
485.4441	-17.950229999999998	485.5713	-17.96037
485.5252	-17.86905	485.6524	-18.40684
485.6063	-17.96037	485.7335	-18.2242
485.6874	-17.940080000000002	485.8146	-18.06184
485.7685	-17.91978	485.8958	-18.00096
485.8496	-18.19376	485.9769	-17.84875
485.9308	-18.23434	486.058	-17.8792
486.0119	-18.16331	486.1391	-18.11258
486.093	-18.2242	486.2202	-18.11258
486.1741	-17.940080000000002	486.3013	-18.0517
486.2552	-17.99081	486.3824	-18.02125
486.3363	-17.84875	486.4636	-18.2039
486.4174	-17.858900000000002	486.5447	-18.07199
486.4986	-17.92993	486.6258	-18.32567
486.5797	-17.86905	486.7069	-18.2039
486.6608	-17.645809999999997	486.788	-17.75743
486.7419	-18.011110000000002	486.8691	-17.97052
486.823	-17.86905	486.9503	-17.940080000000002
486.9041	-17.71684	487.0314	-17.99081
486.9853	-17.84875	487.1125	-17.84875
487.0664	-17.858900000000002	487.1936	-18.092290000000002
487.1475	-17.89949	487.2747	-17.97052
487.2286	-17.798019999999998	487.3558	-18.08214
487.3097	-17.88934	487.437	-18.18361
487.3908	-18.274929999999998	487.5181	-17.96037
487.472	-18.02125	487.5992	-17.940080000000002
487.5531	-17.92993	487.6803	-17.77772
487.6342	-17.84875	487.7614	-17.97052
487.7153	-18.0517	487.8425	-18.416990000000002
487.7964	-18.2039	487.9236	-18.17346
487.8775	-18.12273	488.0048	-18.2242
487.9586	-18.15317	488.0859	-17.84875
488.0398	-18.00096	488.167	-18.00096
488.1209	-17.96037	488.2481	-18.011110000000002
488.202	-17.82846	488.3292	-18.28508
488.2831	-17.90964	488.4103	-18.28508
488.3642	-17.706690000000002	488.4915	-18.04155
488.4453	-18.13287	488.5726	-18.16331
488.5265	-18.04155	488.6537	-18.32567
488.6076	-17.706690000000002	488.7348	-18.10243
488.6887	-17.706690000000002	488.8159	-17.8792
488.7698	-17.97052	488.897	-18.092290000000002
488.8509	-18.17346	488.9781	-17.90964
488.932	-18.16331	489.0593	-17.99081
489.0132	-17.98067	489.1404	-18.011110000000002
489.0943	-17.77772	489.2215	-17.97052
489.1754	-17.99081	489.3026	-17.99081
489.2565	-17.706690000000002	489.3837	-18.07199
489.3376	-18.00096	489.4648	-18.15317
489.4187	-18.011110000000002	489.546	-17.97052
489.4998	-17.90964	489.6271	-17.89949
489.581	-18.18361	489.7082	-17.86905
489.6621	-18.12273	489.7893	-18.07199
489.7432	-17.72699	489.8704	-17.92993
489.8243	-17.90964	489.9515	-17.97052
489.9054	-18.11258	490.0327	-17.99081
489.9865	-18.21405	490.1138	-17.72699
490.0677	-18.04155	490.1949	-18.011110000000002
490.1488	-17.858900000000002	490.276	-18.11258
490.2299	-17.75743	490.3571	-17.90964
490.311	-17.8792	490.4382	-17.91978
490.3921	-18.0314	490.5193	-18.17346
490.4732	-17.84875	490.6005	-17.96037
490.5544	-17.99081	490.6816	-17.858900000000002
490.6355	-18.06184	490.7627	-18.02125
490.7166	-18.0517	490.8438	-18.31552
490.7977	-17.81831	490.9249	-18.335820000000002
490.8788	-17.8792	491.006	-17.99081
490.9599	-17.97052	491.0872	-17.84875
491.041	-17.89949	491.1683	-17.76758
491.1222	-17.81831	491.2494	-18.02125
491.2033	-17.99081	491.3305	-18.31552
491.2844	-18.00096	491.4116	-18.00096
491.3655	-17.86905	491.4927	-17.940080000000002
491.4466	-18.02125	491.5739	-18.17346
491.5277	-18.2039	491.655	-18.29523
491.6089	-18.08214	491.7361	-18.25464
491.69	-17.940080000000002	491.8172	-17.89949
491.7711	-17.86905	491.8983	-17.92993
491.8522	-17.80817	491.9794	-17.858900000000002
491.9333	-17.81831	492.0605	-17.98067
492.0144	-17.89949	492.1417	-17.77772
492.0956	-18.06184	492.2228	-18.2039
492.1767	-18.02125	492.3039	-18.25464
492.2578	-18.011110000000002	492.385	-18.14302
492.3389	-17.98067	492.4661	-18.16331
492.42	-18.04155	492.5472	-18.06184
492.5011	-17.86905	492.6284	-18.08214
492.5822	-17.81831	492.7095	-18.02125
492.6634	-17.98067	492.7906	-17.97052
492.7445	-17.950229999999998	492.8717	-18.00096
492.8256	-17.72699	492.9528	-18.28508
492.9067	-17.78787	493.0339	-18.21405
492.9878	-18.00096	493.1151	-18.00096
493.0689	-17.98067	493.1962	-18.02125
493.1501	-17.8792	493.2773	-18.26479
493.2312	-17.89949	493.3584	-18.335820000000002
493.3123	-17.798019999999998	493.4395	-18.011110000000002
493.3934	-17.84875	493.5206	-17.90964
493.4745	-17.940080000000002	493.6017	-17.98067
493.5556	-17.950229999999998	493.6829	-18.06184
493.6367	-17.97052	493.764	-17.950229999999998
493.7179	-17.69655	493.8451	-18.11258
493.799	-17.65596	493.9262	-18.0314
493.8801	-17.81831	494.0073	-18.06184
493.9612	-17.92993	494.0884	-18.0517
494.0423	-18.092290000000002	494.1696	-18.07199
494.1234	-17.81831	494.2507	-18.17346
494.2046	-17.97052	494.3318	-18.25464
494.2857	-17.75743	494.4129	-18.3967
494.3668	-17.67625	494.494	-18.0517
494.4479	-17.89949	494.5751	-18.14302
494.529	-17.81831	494.6563	-18.10243
494.6101	-17.77772	494.7374	-18.0314
494.6913	-18.0314	494.8185	-18.08214
494.7724	-18.14302	494.8996	-17.81831
494.8535	-17.89949	494.9807	-17.98067
494.9346	-17.99081	495.0618	-18.3764
495.0157	-18.04155	495.1429	-18.24449
495.0968	-18.0517	495.2241	-18.17346
495.1779	-18.274929999999998	495.3052	-18.06184
495.2591	-18.08214	495.3863	-18.06184
495.3402	-17.78787	495.4674	-18.0517
495.4213	-17.86905	495.5485	-18.15317
495.5024	-17.838610000000003	495.6296	-17.858900000000002
495.5835	-18.08214	495.7108	-17.98067
495.6646	-17.91978	495.7919	-18.011110000000002
495.7458	-17.940080000000002	495.873	-17.97052
495.8269	-17.98067	495.9541	-18.44743
495.908	-18.19376	496.0352	-18.40684
495.9891	-18.0314	496.1163	-18.14302
496.0702	-17.86905	496.1974	-18.12273
496.1513	-18.04155	496.2786	-17.90964
496.2325	-17.88934	496.3597	-18.11258
496.3136	-17.86905	496.4408	-18.31552
496.3947	-17.940080000000002	496.5219	-17.99081
496.4758	-17.98067	496.603	-18.17346
496.5569	-18.04155	496.6841	-18.274929999999998
496.638	-18.07199	496.7653	-18.3967
496.7191	-18.13287	496.8464	-18.011110000000002
496.8003	-18.00096	496.9275	-17.84875
496.8814	-18.08214	497.0086	-18.23434
496.9625	-17.950229999999998	497.0897	-18.16331
497.0436	-18.00096	497.1708	-18.02125
497.1247	-18.00096	497.252	-18.011110000000002
497.2058	-17.838610000000003	497.3331	-17.97052
497.287	-18.00096	497.4142	-18.07199
497.3681	-18.011110000000002	497.4953	-18.25464
497.4492	-18.07199	497.5764	-18.06184
497.5303	-17.940080000000002	497.6575	-18.16331
497.6114	-17.98067	497.7386	-18.2242
497.6925	-18.06184	497.8198	-18.18361
497.7737	-17.81831	497.9009	-17.96037
497.8548	-17.80817	497.982	-18.23434
497.9359	-17.81831	498.0631	-18.14302
498.017	-17.73714	498.1442	-17.99081
498.0981	-17.99081	498.2253	-18.02125
498.1792	-17.940080000000002	498.3065	-17.80817
498.2603	-17.8792	498.3876	-17.8792
498.3415	-17.76758	498.4687	-18.23434
498.4226	-17.858900000000002	498.5498	-18.19376
498.5037	-17.96037	498.6309	-18.0517
498.5848	-17.78787	498.712	-17.99081
498.6659	-17.98067	498.7932	-17.86905
498.747	-18.08214	498.8743	-18.092290000000002
498.8282	-17.97052	498.9554	-17.99081
498.9093	-18.17346	499.0365	-18.092290000000002
498.9904	-18.19376	499.1176	-18.2039
499.0715	-18.11258	499.1987	-18.02125
499.1526	-17.76758	499.2798	-17.91978
499.2337	-17.940080000000002	499.361	-18.02125
499.3148	-17.86905	499.4421	-18.32567
499.396	-17.88934	499.5232	-17.92993
499.4771	-17.89949	499.6043	-17.838610000000003
499.5582	-17.940080000000002	499.6854	-17.80817
499.6393	-18.10243	499.7665	-18.18361
499.7204	-18.16331	499.8477	-18.18361
499.8015	-18.0517	499.9288	-18.0517
499.8827	-18.2039	500.0099	-18.17346
499.9638	-18.00096	500.091	-18.15317
500.0449	-18.13287	500.1721	-18.21405
500.126	-17.98067	500.2532	-18.08214
500.2071	-17.96037	500.3344	-18.17346
500.2882	-18.18361	500.4155	-18.02125
500.3694	-17.92993	500.4966	-18.00096
500.4505	-18.00096	500.5777	-18.011110000000002
500.5316	-18.0517	500.6588	-17.99081
500.6127	-18.12273	500.7399	-18.07199
500.6938	-18.092290000000002	500.821	-17.940080000000002
500.7749	-17.76758	500.9022	-18.15317
500.856	-17.86905	500.9833	-18.00096
500.9372	-17.98067	501.0644	-18.335820000000002
501.0183	-18.07199	501.1455	-18.08214
501.0994	-18.00096	501.2266	-17.92993
501.1805	-17.91978	501.3077	-17.77772
501.2616	-17.950229999999998	501.3889	-17.8792
501.3427	-18.092290000000002	501.47	-18.0517
501.4239	-18.17346	501.5511	-18.30537
501.505	-17.75743	501.6322	-18.18361
501.5861	-17.8792	501.7133	-18.21405
501.6672	-18.14302	501.7944	-18.23434
501.7483	-17.84875	501.8755	-17.89949
501.8294	-17.78787	501.9567	-18.274929999999998
501.9106	-17.96037	502.0378	-18.12273
501.9917	-18.19376	502.1189	-17.67625
502.0728	-18.08214	502.2	-18.11258
502.1539	-18.092290000000002	502.2811	-18.092290000000002
502.235	-17.96037	502.3622	-17.80817
502.3161	-17.97052	502.4434	-17.72699
502.3972	-17.90964	502.5245	-17.80817
502.4784	-18.00096	502.6056	-18.11258
502.5595	-18.14302	502.6867	-18.13287
502.6406	-18.21405	502.7678	-17.940080000000002
502.7217	-18.02125	502.8489	-17.89949
502.8028	-18.0517	502.9301	-18.0314
502.8839	-18.32567	503.0112	-17.92993
502.9651	-17.98067	503.0923	-18.15317
503.0462	-17.86905	503.1734	-18.35611
503.1273	-18.25464	503.2545	-18.16331
503.2084	-18.19376	503.3356	-18.15317
503.2895	-18.092290000000002	503.4167	-18.092290000000002
503.3706	-18.04155	503.4979	-17.940080000000002
503.4518	-17.98067	503.579	-18.0517
503.5329	-18.19376	503.6601	-18.0517
503.614	-17.96037	503.7412	-18.092290000000002
503.6951	-18.02125	503.8223	-18.335820000000002
503.7762	-18.11258	503.9034	-18.11258
503.8573	-17.84875	503.9846	-18.07199
503.9384	-17.98067	504.0657	-18.40684
504.0196	-17.858900000000002	504.1468	-18.15317
504.1007	-17.98067	504.2279	-18.2039
504.1818	-18.26479	504.309	-18.25464
504.2629	-17.96037	504.3901	-18.0314
504.344	-17.940080000000002	504.4713	-17.97052
504.4251	-17.838610000000003	504.5524	-18.0517
504.5063	-17.77772	504.6335	-17.89949
504.5874	-17.82846	504.7146	-18.0517
504.6685	-18.06184	504.7957	-18.17346
504.7496	-18.092290000000002	504.8768	-18.2039
504.8307	-18.02125	504.9579	-18.11258
504.9118	-17.92993	505.0391	-18.16331
504.993	-17.77772	505.1202	-18.14302
505.0741	-18.07199	505.2013	-17.88934
505.1552	-18.31552	505.2824	-17.89949
505.23630000000003	-18.07199	505.3635	-17.86905
505.3174	-17.96037	505.4446	-18.00096
505.3985	-18.12273	505.5258	-17.940080000000002
505.4796	-18.06184	505.6069	-18.07199
505.5608	-17.86905	505.688	-18.2242
505.6419	-17.76758	505.7691	-18.24449
505.723	-17.86905	505.8502	-18.29523
505.8041	-17.798019999999998	505.9313	-17.99081
505.8852	-18.04155	506.0125	-18.16331
505.9663	-18.2039	506.0936	-18.274929999999998
506.0475	-17.98067	506.1747	-17.98067
506.1286	-17.858900000000002	506.2558	-18.2242
506.2097	-18.21405	506.3369	-18.19376
506.2908	-18.02125	506.418	-18.2039
506.3719	-18.011110000000002	506.4991	-18.2039
506.453	-18.0517	506.5803	-18.28508
506.5341	-17.81831	506.6614	-18.14302
506.6153	-17.78787	506.7425	-18.092290000000002
506.6964	-18.04155	506.8236	-17.99081
506.7775	-17.78787	506.9047	-18.335820000000002
506.8586	-18.0517	506.9858	-18.13287
506.9397	-18.15317	507.067	-18.10243
507.0208	-18.2039	507.1481	-17.96037
507.102	-18.2242	507.2292	-17.92993
507.1831	-17.950229999999998	507.3103	-18.14302
507.2642	-17.88934	507.3914	-18.07199
507.3453	-17.89949	507.4725	-18.13287
507.4264	-18.092290000000002	507.5536	-18.30537
507.5075	-17.92993	507.6348	-17.97052
507.5887	-17.96037	507.7159	-17.86905
507.6698	-18.04155	507.797	-18.23434
507.7509	-18.02125	507.8781	-17.90964
507.832	-18.12273	507.9592	-18.29523
507.9131	-17.78787	508.0403	-18.38655
507.9942	-17.89949	508.1215	-18.17346
508.0753	-18.16331	508.2026	-18.17346
508.1565	-17.80817	508.2837	-18.12273
508.2376	-17.57478	508.3648	-17.8792
508.3187	-18.0314	508.4459	-18.10243
508.3998	-17.92993	508.527	-17.92993
508.4809	-18.15317	508.6082	-18.011110000000002
508.562	-18.29523	508.6893	-18.11258
508.6432	-18.23434	508.7704	-17.99081
508.7243	-17.92993	508.8515	-18.18361
508.8054	-17.97052	508.9326	-18.10243
508.8865	-17.98067	509.0137	-18.30537
508.9676	-17.950229999999998	509.0948	-18.31552
509.0487	-17.98067	509.176	-18.0517
509.1299	-17.74728	509.2571	-18.10243
509.211	-18.16331	509.3382	-18.26479
509.2921	-18.35611	509.4193	-18.17346
509.3732	-17.99081	509.5004	-18.092290000000002
509.4543	-17.89949	509.5815	-18.15317
509.5354	-17.97052	509.6627	-18.32567
509.6165	-18.12273	509.7438	-18.53876
509.6977	-18.15317	509.8249	-18.31552
509.7788	-18.092290000000002	509.906	-18.44743
509.8599	-17.8792	509.9871	-18.416990000000002
509.941	-18.0517	510.0682	-18.15317
510.0221	-18.32567	510.1494	-18.10243
510.1032	-18.19376	510.2305	-18.07199
510.1844	-18.23434	510.3116	-17.97052
510.2655	-18.2242	510.3927	-17.99081
510.3466	-18.13287	510.4738	-18.274929999999998
510.4277	-17.98067	510.5549	-18.18361
510.5088	-17.84875	510.636	-18.29523
510.5899	-17.98067	510.7172	-18.02125
510.6711	-17.96037	510.7983	-17.89949
510.7522	-17.88934	510.8794	-17.92993
510.8333	-17.89949	510.9605	-18.011110000000002
510.9144	-17.86905	511.0416	-17.91978
510.9955	-17.86905	511.1227	-17.98067
511.0766	-17.90964	511.2039	-18.28508
511.1577	-17.940080000000002	511.285	-18.23434
511.2389	-17.99081	511.3661	-18.15317
511.32	-17.97052	511.4472	-18.10243
511.4011	-18.00096	511.5283	-17.91978
511.4822	-17.84875	511.6094	-18.0314
511.5633	-17.798019999999998	511.6906	-18.23434
511.6444	-17.91978	511.7717	-18.07199
511.7256	-18.08214	511.8528	-17.98067
511.8067	-18.0517	511.9339	-18.12273
511.8878	-17.96037	512.015	-17.80817
511.9689	-17.98067	512.0961	-17.950229999999998
512.05	-18.04155	512.1772	-18.011110000000002
512.1312	-18.04155	512.2584	-18.092290000000002
512.2123	-18.02125	512.3395	-18.274929999999998
512.2934	-18.12273	512.4206	-18.18361
512.3745	-18.16331	512.5017	-18.2039
512.4556	-18.18361	512.5828	-18.0517
512.5367	-18.08214	512.6639	-18.011110000000002
512.6179	-17.89949	512.7451	-18.2242
512.699	-18.17346	512.8262	-18.29523
512.7801	-17.76758	512.9073	-18.28508
512.8612	-17.69655	512.9884	-18.15317
512.9423	-18.15317	513.0695	-17.96037
513.0234	-18.11258	513.1506	-17.98067
513.1046	-18.08214	513.2318	-18.10243
513.1857	-18.24449	513.3129	-18.12273
513.2668	-18.38655	513.394	-18.23434
513.3479	-18.08214	513.4751	-18.011110000000002
513.429	-17.940080000000002	513.5562	-17.950229999999998
513.5101	-17.89949	513.6373	-18.092290000000002
513.5912	-18.092290000000002	513.7184	-18.092290000000002
513.6724	-17.98067	513.7996	-18.092290000000002
513.7535	-18.08214	513.8807	-18.23434
513.8346	-18.0517	513.9618	-18.32567
513.9157	-17.798019999999998	514.0429	-18.28508
513.9968	-17.950229999999998	514.124	-18.21405
514.0779	-17.96037	514.2051	-18.2242
514.1591	-17.96037	514.2863	-18.0517
514.2402	-18.3764	514.3674	-18.00096
514.3213	-18.13287	514.4485	-17.98067
514.4024	-18.32567	514.5296	-18.36626
514.4835	-18.092290000000002	514.6107	-18.21405
514.5646	-17.91978	514.6918	-18.0314
514.6458	-18.2242	514.7729	-18.26479
514.7269	-18.15317	514.8541	-18.25464
514.808	-18.28508	514.9352	-18.5489
514.8891	-18.16331	515.0163	-18.2242
514.9702	-17.950229999999998	515.0974	-17.97052
515.0513	-18.08214	515.1785	-17.92993
515.1324	-17.78787	515.2596	-17.98067
515.2136	-17.96037	515.3408	-17.90964
515.2947	-18.2039	515.4219	-18.274929999999998
515.3758	-18.00096	515.503	-18.19376
515.4569	-17.91978	515.5841	-18.36626
515.538	-18.0314	515.6652	-18.36626
515.6191	-18.24449	515.7463	-18.11258
515.7003	-17.99081	515.8275	-18.14302
515.7814	-17.96037	515.9086	-18.14302
515.8625	-17.88934	515.9897	-18.28508
515.9436	-17.89949	516.0708	-18.45758
516.0247	-18.19376	516.1519	-18.44743
516.1058	-18.04155	516.233	-18.2039
516.187	-17.950229999999998	516.3141	-18.51846
516.2681	-18.2039	516.3953	-18.26479
516.3492	-18.30537	516.4764	-17.99081
516.4303	-17.92993	516.5575	-18.04155
516.5114	-18.00096	516.6386	-18.18361
516.5925	-17.90964	516.7197	-18.19376
516.6736	-18.06184	516.8008	-18.02125
516.7548	-18.16331	516.882	-18.0517
516.8359	-18.00096	516.9631	-18.19376
516.917	-18.092290000000002	517.0442	-18.32567
516.9981	-18.04155	517.1253	-17.950229999999998
517.0792	-18.18361	517.2064	-17.74728
517.1603	-17.99081	517.2875	-18.07199
517.2415	-17.838610000000003	517.3687	-18.24449
517.3226	-17.88934	517.4498	-18.24449
517.4037	-18.10243	517.5309	-18.15317
517.4848	-18.29523	517.612	-18.36626
517.5659	-18.427139999999998	517.6931	-18.274929999999998
517.647	-18.2039	517.7742	-17.950229999999998
517.7281	-17.96037	517.8553	-18.14302
517.8093	-17.96037	517.9365	-18.04155
517.8904	-18.092290000000002	518.0176	-18.14302
517.9715	-18.0517	518.0987	-18.36626
518.0526	-18.32567	518.1798	-18.25464
518.1337	-18.14302	518.2609	-18.274929999999998
518.2148	-18.02125	518.342	-18.29523
518.296	-17.90964	518.4232	-18.21405
518.3771	-17.97052	518.5043	-18.16331
518.4582	-18.14302	518.5854	-18.19376
518.5393	-17.98067	518.6665	-17.8792
518.6204	-17.82846	518.7476	-18.08214
518.7015	-18.12273	518.8287	-18.24449
518.7827	-18.04155	518.9099	-18.30537
518.8638	-18.11258	518.991	-18.25464
518.9449	-17.98067	519.0721	-18.40684
519.026	-17.91978	519.1532	-18.15317
519.1071	-18.07199	519.2343	-17.950229999999998
519.1882	-17.950229999999998	519.3154	-17.91978
519.2693	-18.19376	519.3965	-18.10243
519.3505	-18.15317	519.4777	-18.13287
519.4316	-17.91978	519.5588	-18.02125
519.5127	-18.07199	519.6399	-18.08214
519.5938	-17.84875	519.721	-18.23434
519.6749	-18.19376	519.8021	-18.19376
519.756	-18.19376	519.8832	-18.35611
519.8372	-17.92993	519.9644	-18.30537
519.9183	-17.97052	520.0455	-17.858900000000002
519.9994	-18.16331	520.1266	-18.12273
520.0805	-18.08214	520.2077	-18.38655
520.1616	-18.00096	520.2888	-18.35611
520.2427	-17.88934	520.3699	-18.0517
520.3239	-18.0314	520.451	-18.18361
520.405	-18.13287	520.5322	-18.11258
520.4861	-17.91978	520.6133	-17.940080000000002
520.5672	-17.71684	520.6944	-18.2039
520.6483	-17.82846	520.7755	-18.092290000000002
520.7294	-17.858900000000002	520.8566	-17.940080000000002
520.8105	-18.04155	520.9377	-18.14302
520.8917	-18.15317	521.0189	-18.2242
520.9728	-18.092290000000002	521.1	-18.11258
521.0539	-18.2242	521.1811	-18.17346
521.135	-18.15317	521.2622	-18.2242
521.2161	-17.86905	521.3433	-17.89949
521.2972	-18.04155	521.4244	-18.19376
521.3784	-18.02125	521.5056	-18.416990000000002
521.4595	-18.11258	521.5867	-18.12273
521.5406	-17.90964	521.6678	-18.13287
521.6217	-17.98067	521.7489	-18.30537
521.7028	-18.011110000000002	521.83	-18.18361
521.7839	-18.23434	521.9111	-18.18361
521.8651	-18.18361	521.9922	-18.34596
521.9462	-17.97052	522.0734	-18.19376
522.0273	-18.08214	522.1545	-18.21405
522.1084	-18.092290000000002	522.2356	-18.17346
522.1895	-17.88934	522.3167	-18.17346
522.2706	-17.8792	522.3978	-18.07199
522.3517	-17.82846	522.4789	-18.2039
522.4329	-17.858900000000002	522.5601	-18.30537
522.514	-18.011110000000002	522.6412	-18.15317
522.5951	-17.98067	522.7223	-18.17346
522.6762	-18.092290000000002	522.8034	-18.30537
522.7573	-18.10243	522.8845	-18.14302
522.8384	-18.21405	522.9656	-18.21405
522.9196	-18.13287	523.0468	-18.21405
523.0007	-17.858900000000002	523.1279	-18.28508
523.0818	-18.06184	523.209	-18.36626
523.1629	-18.24449	523.2901	-18.19376
523.244	-17.96037	523.3712	-18.00096
523.3251	-17.8792	523.4523	-18.04155
523.4063	-18.14302	523.5334	-18.32567
523.4874	-18.21405	523.6146	-18.34596
523.5685	-18.21405	523.6957	-17.99081
523.6496	-18.06184	523.7768	-18.15317
523.7307	-17.90964	523.8579	-18.35611
523.8118	-18.24449	523.939	-18.31552
523.8929	-18.2039	524.0201	-18.092290000000002
523.9741	-18.2242	524.1013	-18.30537
524.0552	-18.07199	524.1824	-18.45758
524.1363	-18.0517	524.2635	-18.40684
524.2174	-17.940080000000002	524.3446	-18.498170000000002
524.2985	-18.07199	524.4257	-18.40684
524.3796	-18.10243	524.5068	-18.29523
524.4608	-18.26479	524.588	-18.25464
524.5419	-18.04155	524.6691	-18.2242
524.623	-18.00096	524.7502	-18.10243
524.7041	-18.21405	524.8313	-17.99081
524.7852	-18.29523	524.9124	-18.07199
524.8663	-18.12273	524.9935	-18.2039
524.9474	-17.98067	525.0746	-18.12273
525.0286	-18.15317	525.1558	-18.19376
525.1097	-18.0314	525.2369	-18.23434
525.1908	-18.21405	525.318	-18.24449
525.2719	-18.092290000000002	525.3991	-18.04155
525.353	-17.950229999999998	525.4802	-18.34596
525.4341	-18.11258	525.5613	-18.59964
525.5153	-17.98067	525.6425	-18.29523
525.5964	-17.80817	525.7236	-18.58949
525.6775	-18.2039	525.8047	-18.35611
525.7586	-18.30537	525.8858	-18.274929999999998
525.8397	-17.84875	525.9669	-18.092290000000002
525.9208	-18.011110000000002	526.048	-18.18361
526.002	-17.90964	526.1292	-18.21405
526.0831	-18.011110000000002	526.2103	-18.274929999999998
526.1642	-18.092290000000002	526.2914	-18.23434
526.2453	-18.29523	526.3725	-18.28508
526.3264	-17.97052	526.4536	-18.19376
526.4075	-17.76758	526.5347	-18.17346
526.4886	-17.645809999999997	526.6158	-18.07199
526.5698	-18.17346	526.697	-17.98067
526.6509	-18.17346	526.7781	-18.02125
526.732	-18.24449	526.8592	-18.43729
526.8131	-18.12273	526.9403	-18.274929999999998
526.8942	-17.98067	527.0214	-18.416990000000002
526.9753	-17.82846	527.1025	-18.65038
527.0565	-18.0517	527.1837	-18.04155
527.1376	-18.12273	527.2648	-17.60522
527.2187	-17.950229999999998	527.3459	-18.06184
527.2998	-17.81831	527.427	-18.21405
527.3809	-18.19376	527.5081	-18.3764
527.462	-18.02125	527.5892	-18.29523
527.5432	-18.24449	527.6703	-18.26479
527.6243	-18.24449	527.7515	-18.2242
527.7054	-18.28508	527.8326	-18.12273
527.7865	-18.15317	527.9137	-18.427139999999998
527.8676	-18.07199	527.9948	-18.26479
527.9487	-18.15317	528.0759	-18.23434
528.0298	-18.092290000000002	528.157	-17.90964
528.111	-17.98067	528.2382	-18.02125
528.1921	-17.950229999999998	528.3193	-18.24449
528.2732	-18.011110000000002	528.4004	-18.26479
528.3543	-18.16331	528.4815	-18.35611
528.4354	-18.14302	528.5626	-18.092290000000002
528.5165	-18.38655	528.6437	-18.06184
528.5977	-18.427139999999998	528.7249	-18.12273
528.6788	-18.335820000000002	528.806	-18.18361
528.7599	-18.092290000000002	528.8871	-18.28508
528.841	-18.011110000000002	528.9682	-18.34596
528.9221	-17.92993	529.0493	-18.335820000000002
529.0032	-18.29523	529.1304	-18.43729
529.0844	-17.99081	529.2115	-18.16331
529.1655	-18.18361	529.2927	-18.11258
529.2466	-18.2039	529.3738	-18.38655
529.3277	-18.2039	529.4549	-18.40684
529.4088	-18.13287	529.536	-18.17346
529.4899	-18.11258	529.6171	-18.10243
529.571	-18.14302	529.6982	-17.89949
529.6522	-17.97052	529.7794	-18.07199
529.7333	-17.92993	529.8605	-18.28508
529.8144	-17.99081	529.9416	-18.2039
529.8955	-17.99081	530.0227	-18.30537
529.9766	-18.21405	530.1038	-18.47787
530.0577	-18.19376	530.1849	-18.15317
530.1389	-18.06184	530.2661	-18.16331
530.22	-18.04155	530.3472	-18.3764
530.3011	-18.12273	530.4283	-18.011110000000002
530.3822	-17.88934	530.5094	-18.30537
530.4633	-18.00096	530.5905	-18.335820000000002
530.5444	-18.26479	530.6716	-18.32567
530.6255	-18.16331	530.7527	-18.18361
530.7067	-18.13287	530.8339	-18.53876
530.7878	-18.0314	530.915	-18.53876
530.8689	-18.0314	530.9961	-18.335820000000002
530.95	-18.07199	531.0772	-17.89949
531.0311	-18.08214	531.1583	-17.99081
531.1122	-18.16331	531.2394	-18.011110000000002
531.1934	-17.96037	531.3206	-18.04155
531.2745	-18.092290000000002	531.4017	-18.00096
531.3556	-17.940080000000002	531.4828	-17.8792
531.4367	-18.34596	531.5639	-18.23434
531.5178	-18.17346	531.645	-18.35611
531.5989	-17.858900000000002	531.7261	-18.28508
531.6801	-18.21405	531.8073	-18.23434
531.7612	-18.35611	531.8884	-18.30537
531.8423	-17.950229999999998	531.9695	-18.35611
531.9234	-18.32567	532.0506	-18.38655
532.0045	-18.11258	532.1317	-18.29523
532.0856	-18.011110000000002	532.2128	-18.498170000000002
532.1667	-18.26479	532.2939	-18.36626
532.2479	-17.838610000000003	532.3751	-18.274929999999998
532.329	-17.92993	532.4562	-18.2242
532.41010000000006	-18.18361	532.5373	-18.092290000000002
532.4912	-18.335820000000002	532.6184	-18.3967
532.5723	-17.97052	532.6995	-18.3967
532.6534	-18.14302	532.7806	-18.08214
532.7346	-18.40684	532.8618	-18.24449
532.8157	-18.17346	532.9429	-18.35611
532.8968	-17.97052	533.024	-18.34596
532.9779	-18.10243	533.1051	-18.46773
533.059	-17.97052	533.1862	-17.96037
533.1401	-18.274929999999998	533.2673	-18.092290000000002
533.2213	-18.17346	533.3484	-18.14302
533.3024	-18.15317	533.4296	-18.416990000000002
533.3835	-18.07199	533.5107	-18.38655
533.4646	-17.96037	533.5918	-18.24449
533.5457	-18.16331	533.6729	-18.28508
533.6268	-18.23434	533.754	-18.21405
533.7079	-18.04155	533.8351	-18.18361
533.7891	-18.43729	533.9163	-18.011110000000002
533.8702	-18.092290000000002	533.9974	-18.16331
533.9513	-18.16331	534.0785	-18.48802
534.0324	-18.23434	534.1596	-18.48802
534.1135	-18.15317	534.2407	-18.07199
534.1946	-18.0314	534.3218	-17.97052
534.2758	-18.14302	534.403	-18.274929999999998
534.3569	-18.04155	534.4841	-18.19376
534.438	-18.04155	534.5652	-18.25464
534.5191	-18.24449	534.6463	-18.11258
534.6002	-18.28508	534.7274	-18.21405
534.6813	-18.2039	534.8085	-17.98067
534.7625	-17.838610000000003	534.8896	-17.91978
534.8436	-18.07199	534.9708	-18.29523
534.9247	-18.45758	535.0519	-18.31552
535.0058	-18.11258	535.133	-18.17346
535.0869	-17.940080000000002	535.2141	-18.24449
535.168	-17.84875	535.2952	-18.43729
535.2491	-18.26479	535.3763	-18.21405
535.3303	-18.35611	535.4575	-17.940080000000002
535.4114	-18.32567	535.5386	-18.0314
535.4925	-17.96037	535.6197	-18.13287
535.5736	-18.092290000000002	535.7008	-18.38655
535.6547	-18.26479	535.7819	-18.28508
535.7358	-18.335820000000002	535.863	-18.31552
535.817	-18.02125	535.9442	-18.30537
535.8981	-17.99081	536.0253	-18.35611
535.9792	-18.011110000000002	536.1064	-18.34596
536.0603	-17.59508	536.1875	-18.427139999999998
536.1414	-17.77772	536.2686	-18.416990000000002
536.2225	-17.940080000000002	536.3497	-18.40684
536.3036	-17.98067	536.4308	-18.48802
536.3848	-18.10243	536.512	-18.2039
536.4659	-18.011110000000002	536.5931	-17.98067
536.547	-18.011110000000002	536.6742	-18.02125
536.6281	-18.08214	536.7553	-18.15317
536.7092	-18.32567	536.8364	-18.30537
536.7903	-18.416990000000002	536.9175	-18.15317
536.8715	-18.24449	536.9987	-18.21405
536.9526	-18.0314	537.0798	-18.46773
537.0337	-17.98067	537.1609	-18.12273
537.1148	-18.00096	537.242	-18.26479
537.1959	-18.06184	537.3231	-18.15317
537.277	-18.36626	537.4042	-18.08214
537.3582	-18.13287	537.4854	-18.3764
537.4393	-18.12273	537.5665	-18.3764
537.5204	-18.274929999999998	537.6476	-18.34596
537.6015	-18.14302	537.7287	-18.50832
537.6826	-18.25464	537.8098	-18.36626
537.7637	-18.16331	537.8909	-18.12273
537.8448	-17.858900000000002	537.972	-18.274929999999998
537.926	-18.18361	538.0532	-18.15317
538.0071	-18.19376	538.1343	-18.16331
538.0882	-18.12273	538.2154	-18.52861
538.1693	-17.97052	538.2965	-18.28508
538.2504	-18.06184	538.3776	-18.35611
538.3315	-18.08214	538.4587	-18.28508
538.4127	-18.08214	538.5399	-17.98067
538.4938	-18.2039	538.621	-18.11258
538.5749	-18.2039	538.7021	-18.34596
538.656	-18.3967	538.7832	-18.3967
538.7371	-18.12273	538.8643	-18.38655
538.8182	-18.2039	538.9454	-18.21405
538.8994	-18.34596	539.0266	-18.10243
538.9805	-18.335820000000002	539.1077	-18.25464
539.0616	-18.092290000000002	539.1888	-18.30537
539.1427	-18.092290000000002	539.2699	-18.3967
539.2238	-18.15317	539.351	-18.44743
539.3049	-18.18361	539.4321	-18.52861
539.386	-17.950229999999998	539.5132	-18.25464
539.4672	-18.16331	539.5944	-18.092290000000002
539.5483	-18.45758	539.6755	-17.99081
539.6294	-17.99081	539.7566	-18.08214
539.7105	-18.21405	539.8377	-18.36626
539.7916	-18.16331	539.9188	-18.11258
539.8727	-18.16331	539.9999	-18.34596
